planning_wait_time,memory_per_node_peak,hdfs_bytes_written,stats_corrupt,rows_inserted,memoryNode,queryStatus,startTime,rowsProduced,durationMillis,ddlType,pool,admission_wait,coordinator,session_type,stats_missing,estimated_per_node_peak_memory,queryId,UsuarioId,queryState,admission_result,endTime,queryType
0,null,null,false,null,null,null,2019-07-03T14:13:44.679Z,,3300197,null,null,null,null,HIVESERVER2,false,null,454b73137f014f1f:c28241bf00000000,null,FINISHED,Unknown,2019-07-03T15:08:44.876Z,DDL
0,null,null,false,null,null,null,2019-07-03T14:13:44.665Z,,7,null,null,null,null,HIVESERVER2,false,null,b14f2cde365d0d97:616d7cf200000000,null,FINISHED,Unknown,2019-07-03T14:13:44.672Z,DDL
null,null,null,false,null,null,null,2019-07-03T14:13:26.431Z,,1,null,null,null,null,HIVESERVER2,false,null,d046e2a3a0a62775:78a7964900000000,null,EXCEPTION,Unknown,2019-07-03T14:13:26.432Z,N/A
0,null,null,false,null,null,null,2019-07-03T14:13:26.417Z,,7,null,null,null,null,HIVESERVER2,false,null,cb4dbab8b91fc100:8310335000000000,null,FINISHED,Unknown,2019-07-03T14:13:26.424Z,DDL
null,null,null,false,null,null,null,2019-07-03T09:09:50.943Z,,2,null,null,null,null,BEESWAX,false,null,2d489baf60907692:a6eefc8200000000,null,EXCEPTION,Unknown,2019-07-03T09:09:50.945Z,N/A
0,null,null,false,null,null,null,2019-07-03T09:09:46.287Z,,5,null,null,null,null,BEESWAX,false,null,5e4dce7339e4e281:c85492e700000000,null,FINISHED,Unknown,2019-07-03T09:09:46.292Z,DDL
0,null,null,false,null,null,null,2019-07-03T09:09:42.409Z,,4,null,null,null,null,BEESWAX,false,null,e8466efa5dff8f3d:ff09e32b00000000,null,FINISHED,Unknown,2019-07-03T09:09:42.413Z,DDL
null,null,null,false,null,null,null,2019-07-03T09:09:34.536Z,,2,null,null,null,null,BEESWAX,false,null,4641297219773412:86f38a4a00000000,null,EXCEPTION,Unknown,2019-07-03T09:09:34.538Z,N/A
1,null,null,false,null,null,null,2019-07-03T09:09:29.944Z,,5,null,null,null,null,BEESWAX,false,null,d4254d10c9905d6:962e13a200000000,null,FINISHED,Unknown,2019-07-03T09:09:29.949Z,DDL
null,null,null,false,null,null,null,2019-07-03T09:09:21.137Z,,2,null,null,null,null,BEESWAX,false,null,7c4383df0e98437e:aeb51e7e00000000,null,EXCEPTION,Unknown,2019-07-03T09:09:21.139Z,N/A
0,null,null,false,null,null,null,2019-07-03T09:08:28.693Z,,14,null,null,null,null,BEESWAX,false,null,8c474a4956258be8:9a524fe00000000,null,EXCEPTION,Unknown,2019-07-03T09:08:28.707Z,DDL
null,null,null,false,null,null,null,2019-07-03T09:08:28.688Z,,1,null,null,null,null,BEESWAX,false,null,4d4ab3efb61ab0ed:1a1299d100000000,null,EXCEPTION,Unknown,2019-07-03T09:08:28.689Z,N/A
0,null,null,false,null,null,null,2019-07-03T09:08:28.681Z,,3,null,null,null,null,BEESWAX,false,null,3e4e40ac39df7a38:29b6f37a00000000,null,FINISHED,Unknown,2019-07-03T09:08:28.684Z,DDL
14,2222981.12,null,false,null,null,null,2019-07-03T09:08:28.269Z,202,397,null,root.root,0,null,BEESWAX,true,67108864,7c42d2901b450c2b:1339d66c00000000,null,FINISHED,Admitted immediately,2019-07-03T09:08:28.666Z,QUERY
null,null,null,false,null,null,null,2019-07-03T09:08:28.264Z,,1,null,null,null,null,BEESWAX,false,null,9488518556e1301:6c45256400000000,null,EXCEPTION,Unknown,2019-07-03T09:08:28.265Z,N/A
17,1876951.04,null,false,null,null,null,2019-07-03T09:08:27.540Z,202,705,null,root.root,0,null,BEESWAX,true,67108864,6044ca6977ace69f:7686dde200000000,null,FINISHED,Admitted immediately,2019-07-03T09:08:28.245Z,QUERY
4,195584.0,48,false,1,null,null,2019-07-03T09:08:27.221Z,1,312,null,root.root,0,null,BEESWAX,false,10485760,f14ba044bea438a1:b94372b600000000,null,FINISHED,Admitted immediately,2019-07-03T09:08:27.533Z,DML
5,195584.0,48,false,1,null,null,2019-07-03T09:08:26.901Z,1,312,null,root.root,0,null,BEESWAX,false,10485760,b24455610fbd161d:27354b9700000000,null,FINISHED,Admitted immediately,2019-07-03T09:08:27.213Z,DML
6,195584.0,48,false,1,null,null,2019-07-03T09:08:26.578Z,1,313,null,root.root,0,null,BEESWAX,false,10485760,9148d92f7d69dd42:2d38a4a400000000,null,FINISHED,Admitted immediately,2019-07-03T09:08:26.891Z,DML
5,195584.0,48,false,1,null,null,2019-07-03T09:08:26.257Z,1,312,null,root.root,0,null,BEESWAX,false,10485760,c24ddf28e5b0a7fb:2302217800000000,null,FINISHED,Admitted immediately,2019-07-03T09:08:26.569Z,DML
10,195584.0,48,false,1,null,null,2019-07-03T09:08:25.931Z,1,317,null,root.root,0,null,BEESWAX,false,10485760,3e43028591215a09:8773baf200000000,null,FINISHED,Admitted immediately,2019-07-03T09:08:26.248Z,DML
7,195584.0,48,false,1,null,null,2019-07-03T09:08:25.601Z,1,314,null,root.root,0,null,BEESWAX,false,10485760,ef4756e83b4d874b:54e437fc00000000,null,FINISHED,Admitted immediately,2019-07-03T09:08:25.915Z,DML
6,195584.0,48,false,1,null,null,2019-07-03T09:08:25.276Z,1,315,null,root.root,0,null,BEESWAX,false,10485760,3b45737eae55dca8:fbde8eb600000000,null,FINISHED,Admitted immediately,2019-07-03T09:08:25.591Z,DML
6,195584.0,48,false,1,null,null,2019-07-03T09:08:24.951Z,1,315,null,root.root,0,null,BEESWAX,false,10485760,e4e9419da4aa5e9:8be6e07500000000,null,FINISHED,Admitted immediately,2019-07-03T09:08:25.266Z,DML
6,195584.0,48,false,1,null,null,2019-07-03T09:08:24.627Z,1,313,null,root.root,0,null,BEESWAX,false,10485760,e442533598482aeb:f8be834300000000,null,FINISHED,Admitted immediately,2019-07-03T09:08:24.940Z,DML
9,195584.0,48,false,1,null,null,2019-07-03T09:08:24.303Z,1,315,null,root.root,0,null,BEESWAX,false,10485760,ea4b37ae332c948e:e85f1c4600000000,null,FINISHED,Admitted immediately,2019-07-03T09:08:24.618Z,DML
5,195584.0,48,false,1,null,null,2019-07-03T09:08:23.978Z,1,314,null,root.root,0,null,BEESWAX,false,10485760,2489e87a051fe41:9844bf3a00000000,null,FINISHED,Admitted immediately,2019-07-03T09:08:24.292Z,DML
5,195584.0,48,false,1,null,null,2019-07-03T09:08:23.658Z,1,312,null,root.root,0,null,BEESWAX,false,10485760,3f4bf9cae936c78b:58e099100000000,null,FINISHED,Admitted immediately,2019-07-03T09:08:23.970Z,DML
6,195584.0,48,false,1,null,null,2019-07-03T09:08:23.326Z,1,322,null,root.root,0,null,BEESWAX,false,10485760,5a45a5adb79f9e2f:5501c24500000000,null,FINISHED,Admitted immediately,2019-07-03T09:08:23.648Z,DML
6,195584.0,48,false,1,null,null,2019-07-03T09:08:23.002Z,1,313,null,root.root,0,null,BEESWAX,false,10485760,174644447e088a71:8b1489d800000000,null,FINISHED,Admitted immediately,2019-07-03T09:08:23.315Z,DML
6,195584.0,48,false,1,null,null,2019-07-03T09:08:22.677Z,1,314,null,root.root,0,null,BEESWAX,false,10485760,3a43de89064f429c:a5bb42b400000000,null,FINISHED,Admitted immediately,2019-07-03T09:08:22.991Z,DML
8,195584.0,48,false,1,null,null,2019-07-03T09:08:22.348Z,1,319,null,root.root,0,null,BEESWAX,false,10485760,49c6ada56c1b1a:ba90e3c500000000,null,FINISHED,Admitted immediately,2019-07-03T09:08:22.667Z,DML
5,195584.0,48,false,1,null,null,2019-07-03T09:08:22.024Z,1,312,null,root.root,0,null,BEESWAX,false,10485760,244d090199361589:162cb0f100000000,null,FINISHED,Admitted immediately,2019-07-03T09:08:22.336Z,DML
6,195584.0,48,false,1,null,null,2019-07-03T09:08:21.703Z,1,312,null,root.root,0,null,BEESWAX,false,10485760,f422496b355ec65:348584fe00000000,null,FINISHED,Admitted immediately,2019-07-03T09:08:22.015Z,DML
5,195584.0,48,false,1,null,null,2019-07-03T09:08:21.382Z,1,312,null,root.root,0,null,BEESWAX,false,10485760,8e40550d38975fb5:d4db37e300000000,null,FINISHED,Admitted immediately,2019-07-03T09:08:21.694Z,DML
11,195584.0,48,false,1,null,null,2019-07-03T09:08:20.645Z,1,721,null,root.root,0,null,BEESWAX,false,10485760,cd407e396e2fa6e4:bec6138c00000000,null,FINISHED,Admitted immediately,2019-07-03T09:08:21.366Z,DML
null,null,null,false,null,null,null,2019-07-03T09:08:20.632Z,,2,null,null,null,null,BEESWAX,false,null,f14d9f8f11d3775e:2fb3713000000000,null,EXCEPTION,Unknown,2019-07-03T09:08:20.634Z,N/A
0,null,null,false,null,null,null,2019-07-03T09:08:20.620Z,,2,null,null,null,null,BEESWAX,false,null,a84646dd4d2a8c9a:b152ee0f00000000,null,FINISHED,Unknown,2019-07-03T09:08:20.622Z,DDL
1,null,null,false,null,null,null,2019-07-03T09:08:20.607Z,,7,null,null,null,null,BEESWAX,false,null,2b420e9a2b62d18c:b6bbb4a500000000,null,FINISHED,Unknown,2019-07-03T09:08:20.614Z,DDL
0,null,null,false,null,null,null,2019-07-02T13:57:57.660Z,,3968616,null,null,null,null,HIVESERVER2,false,null,56481ba0d3771006:c8da884d00000000,null,FINISHED,Unknown,2019-07-02T15:04:06.276Z,DDL
0,null,null,false,null,null,null,2019-07-02T14:29:22.128Z,,27,null,null,null,null,BEESWAX,false,null,3a4d9b8dd37f7b87:89bd166b00000000,null,EXCEPTION,Unknown,2019-07-02T14:29:22.155Z,DDL
null,null,null,false,null,null,null,2019-07-02T14:29:22.122Z,,1,null,null,null,null,BEESWAX,false,null,fd4937d5c6add059:b46641b000000000,null,EXCEPTION,Unknown,2019-07-02T14:29:22.123Z,N/A
1,null,null,false,null,null,null,2019-07-02T14:29:22.113Z,,3,null,null,null,null,BEESWAX,false,null,824341f52e703382:da31c4f300000000,null,FINISHED,Unknown,2019-07-02T14:29:22.116Z,DDL
17,2222981.12,null,false,null,null,null,2019-07-02T14:29:21.628Z,182,462,null,root.root,0,null,BEESWAX,true,67108864,964af9fb4f49e0c0:6bcfa69e00000000,null,FINISHED,Admitted immediately,2019-07-02T14:29:22.090Z,QUERY
null,null,null,false,null,null,null,2019-07-02T14:29:21.621Z,,2,null,null,null,null,BEESWAX,false,null,fb4ce7f30577ab0b:79140df400000000,null,EXCEPTION,Unknown,2019-07-02T14:29:21.623Z,N/A
21,1625292.8,null,false,null,null,null,2019-07-02T14:29:21.029Z,182,573,null,root.root,0,null,BEESWAX,true,67108864,204a0033a4cbcc42:93b328b300000000,null,FINISHED,Admitted immediately,2019-07-02T14:29:21.602Z,QUERY
7,195584.0,48,false,1,null,null,2019-07-02T14:29:20.605Z,1,414,null,root.root,0,null,BEESWAX,false,10485760,e44822d2821e9302:cb6b3c1f00000000,null,FINISHED,Admitted immediately,2019-07-02T14:29:21.019Z,DML
8,195584.0,48,false,1,null,null,2019-07-02T14:29:20.179Z,1,416,null,root.root,0,null,BEESWAX,false,10485760,a241952ee2f6eb49:ac67499f00000000,null,FINISHED,Admitted immediately,2019-07-02T14:29:20.595Z,DML
8,195584.0,48,false,1,null,null,2019-07-02T14:29:19.850Z,1,316,null,root.root,0,null,BEESWAX,false,10485760,7e4ef5fd16a3eab8:a4a18f9100000000,null,FINISHED,Admitted immediately,2019-07-02T14:29:20.166Z,DML
8,195584.0,48,false,1,null,null,2019-07-02T14:29:19.523Z,1,315,null,root.root,0,null,BEESWAX,false,10485760,434a718d17ed04fd:c596cded00000000,null,FINISHED,Admitted immediately,2019-07-02T14:29:19.838Z,DML
8,195584.0,48,false,1,null,null,2019-07-02T14:29:19.194Z,1,316,null,root.root,0,null,BEESWAX,false,10485760,7c4d9515765c6953:25925da700000000,null,FINISHED,Admitted immediately,2019-07-02T14:29:19.510Z,DML
8,195584.0,48,false,1,null,null,2019-07-02T14:29:18.866Z,1,315,null,root.root,0,null,BEESWAX,false,10485760,7441e6b78cbef600:f7cadade00000000,null,FINISHED,Admitted immediately,2019-07-02T14:29:19.181Z,DML
9,195584.0,48,false,1,null,null,2019-07-02T14:29:18.538Z,1,316,null,root.root,0,null,BEESWAX,false,10485760,8749e32e807a35ec:81ab991a00000000,null,FINISHED,Admitted immediately,2019-07-02T14:29:18.854Z,DML
8,195584.0,48,false,1,null,null,2019-07-02T14:29:18.201Z,1,324,null,root.root,0,null,BEESWAX,false,10485760,854bd103f45ddb03:ef50041400000000,null,FINISHED,Admitted immediately,2019-07-02T14:29:18.525Z,DML
7,195584.0,48,false,1,null,null,2019-07-02T14:29:17.874Z,1,315,null,root.root,0,null,BEESWAX,false,10485760,7b4a3f9f52c83e1f:705ce93c00000000,null,FINISHED,Admitted immediately,2019-07-02T14:29:18.189Z,DML
8,195584.0,48,false,1,null,null,2019-07-02T14:29:17.547Z,1,316,null,root.root,0,null,BEESWAX,false,10485760,3d4a778d58bc8fba:292f093300000000,null,FINISHED,Admitted immediately,2019-07-02T14:29:17.863Z,DML
7,195584.0,48,false,1,null,null,2019-07-02T14:29:17.219Z,1,316,null,root.root,0,null,BEESWAX,false,10485760,c048e2e101bb705e:1f0c777000000000,null,FINISHED,Admitted immediately,2019-07-02T14:29:17.535Z,DML
7,195584.0,48,false,1,null,null,2019-07-02T14:29:16.893Z,1,316,null,root.root,0,null,BEESWAX,false,10485760,2b4557905a8b3752:f36fc53400000000,null,FINISHED,Admitted immediately,2019-07-02T14:29:17.209Z,DML
7,195584.0,48,false,1,null,null,2019-07-02T14:29:16.567Z,1,315,null,root.root,0,null,BEESWAX,false,10485760,af4d2f09d7656828:85c8fa5000000000,null,FINISHED,Admitted immediately,2019-07-02T14:29:16.882Z,DML
9,195584.0,48,false,1,null,null,2019-07-02T14:29:16.233Z,1,317,null,root.root,0,null,BEESWAX,false,10485760,f844f6027b0b95f3:95aa705500000000,null,FINISHED,Admitted immediately,2019-07-02T14:29:16.550Z,DML
7,195584.0,48,false,1,null,null,2019-07-02T14:29:15.907Z,1,314,null,root.root,0,null,BEESWAX,false,10485760,1846a771a7ace6d7:7db1296500000000,null,FINISHED,Admitted immediately,2019-07-02T14:29:16.221Z,DML
9,195584.0,48,false,1,null,null,2019-07-02T14:29:15.580Z,1,316,null,root.root,0,null,BEESWAX,false,10485760,14f3d39d973577f:dfaab61c00000000,null,FINISHED,Admitted immediately,2019-07-02T14:29:15.896Z,DML
7,195584.0,48,false,1,null,null,2019-07-02T14:29:15.249Z,1,315,null,root.root,0,null,BEESWAX,false,10485760,2a4592f0fe1b844c:ab86075a00000000,null,FINISHED,Admitted immediately,2019-07-02T14:29:15.564Z,DML
7,195584.0,48,false,1,null,null,2019-07-02T14:29:14.924Z,1,314,null,root.root,0,null,BEESWAX,false,10485760,1b457f5497f730a9:a1b78a2c00000000,null,FINISHED,Admitted immediately,2019-07-02T14:29:15.238Z,DML
7,195584.0,48,false,1,null,null,2019-07-02T14:29:14.497Z,1,416,null,root.root,0,null,BEESWAX,false,10485760,7c485009bdf79602:be71a7fc00000000,null,FINISHED,Admitted immediately,2019-07-02T14:29:14.913Z,DML
9,195584.0,48,false,1,null,null,2019-07-02T14:29:14.069Z,1,417,null,root.root,0,null,BEESWAX,false,10485760,634fdfeffe706b7b:b8f576d00000000,null,FINISHED,Admitted immediately,2019-07-02T14:29:14.486Z,DML
null,null,null,false,null,null,null,2019-07-02T14:29:14.059Z,,1,null,null,null,null,BEESWAX,false,null,d14a9b932376d40c:7e168f500000000,null,EXCEPTION,Unknown,2019-07-02T14:29:14.060Z,N/A
0,null,null,false,null,null,null,2019-07-02T14:29:14.046Z,,3,null,null,null,null,BEESWAX,false,null,854edea3d2d6bf80:ea956e8300000000,null,FINISHED,Unknown,2019-07-02T14:29:14.049Z,DDL
0,null,null,false,null,null,null,2019-07-02T14:29:14.035Z,,6,null,null,null,null,BEESWAX,false,null,447c5e8ed399d9b:25ef359500000000,null,FINISHED,Unknown,2019-07-02T14:29:14.041Z,DDL
0,null,null,false,null,null,null,2019-07-02T14:29:02.517Z,,16,null,null,null,null,BEESWAX,false,null,8144caf702df1e08:d503660000000000,null,EXCEPTION,Unknown,2019-07-02T14:29:02.533Z,DDL
null,null,null,false,null,null,null,2019-07-02T14:29:02.512Z,,1,null,null,null,null,BEESWAX,false,null,e34edecb6905d8b8:61de575400000000,null,EXCEPTION,Unknown,2019-07-02T14:29:02.513Z,N/A
0,null,null,false,null,null,null,2019-07-02T14:29:02.504Z,,3,null,null,null,null,BEESWAX,false,null,a34db3b454fc2c33:d78106bc00000000,null,FINISHED,Unknown,2019-07-02T14:29:02.507Z,DDL
16,2820669.44,null,false,null,null,null,2019-07-02T14:29:02.088Z,162,399,null,root.root,0,null,BEESWAX,true,67108864,704cfe69a12675ca:6c2b830900000000,null,FINISHED,Admitted immediately,2019-07-02T14:29:02.487Z,QUERY
null,null,null,false,null,null,null,2019-07-02T14:29:02.081Z,,2,null,null,null,null,BEESWAX,false,null,4c4083a894d869b6:6601ed3000000000,null,EXCEPTION,Unknown,2019-07-02T14:29:02.083Z,N/A
16,1614807.04,null,false,null,null,null,2019-07-02T14:29:01.525Z,162,538,null,root.root,0,null,BEESWAX,true,67108864,754a501aa734a0cc:333767ce00000000,null,FINISHED,Admitted immediately,2019-07-02T14:29:02.063Z,QUERY
8,195584.0,48,false,1,null,null,2019-07-02T14:29:01.202Z,1,315,null,root.root,0,null,BEESWAX,false,10485760,3a4d8075116eb27d:1f1ffc4f00000000,null,FINISHED,Admitted immediately,2019-07-02T14:29:01.517Z,DML
9,195584.0,48,false,1,null,null,2019-07-02T14:29:00.873Z,1,317,null,root.root,0,null,BEESWAX,false,10485760,c64a3e99fe25d3f4:b27ca41d00000000,null,FINISHED,Admitted immediately,2019-07-02T14:29:01.190Z,DML
9,195584.0,48,false,1,null,null,2019-07-02T14:29:00.540Z,1,317,null,root.root,0,null,BEESWAX,false,10485760,804892e92c442d4c:93a42fbf00000000,null,FINISHED,Admitted immediately,2019-07-02T14:29:00.857Z,DML
7,195584.0,48,false,1,null,null,2019-07-02T14:29:00.207Z,1,317,null,root.root,0,null,BEESWAX,false,10485760,51410722f6be71b0:2dba084000000000,null,FINISHED,Admitted immediately,2019-07-02T14:29:00.524Z,DML
9,195584.0,48,false,1,null,null,2019-07-02T14:28:59.877Z,1,317,null,root.root,0,null,BEESWAX,false,10485760,964961fa31b87ec7:2eaa497e00000000,null,FINISHED,Admitted immediately,2019-07-02T14:29:00.194Z,DML
7,195584.0,48,false,1,null,null,2019-07-02T14:28:59.548Z,1,315,null,root.root,0,null,BEESWAX,false,10485760,d544f80336bf4d07:c38fc42800000000,null,FINISHED,Admitted immediately,2019-07-02T14:28:59.863Z,DML
8,195584.0,48,false,1,null,null,2019-07-02T14:28:59.221Z,1,316,null,root.root,0,null,BEESWAX,false,10485760,824500265d911c91:588560df00000000,null,FINISHED,Admitted immediately,2019-07-02T14:28:59.537Z,DML
6,195584.0,48,false,1,null,null,2019-07-02T14:28:58.894Z,1,314,null,root.root,0,null,BEESWAX,false,10485760,d3458f08410f200c:6036579400000000,null,FINISHED,Admitted immediately,2019-07-02T14:28:59.208Z,DML
7,195584.0,48,false,1,null,null,2019-07-02T14:28:58.570Z,1,315,null,root.root,0,null,BEESWAX,false,10485760,98459a48d8ff023d:11965cb600000000,null,FINISHED,Admitted immediately,2019-07-02T14:28:58.885Z,DML
8,195584.0,48,false,1,null,null,2019-07-02T14:28:58.243Z,1,316,null,root.root,0,null,BEESWAX,false,10485760,d847f524bde8a057:523d276500000000,null,FINISHED,Admitted immediately,2019-07-02T14:28:58.559Z,DML
6,195584.0,48,false,1,null,null,2019-07-02T14:28:57.916Z,1,314,null,root.root,0,null,BEESWAX,false,10485760,b848dfdc185e0077:84423c2a00000000,null,FINISHED,Admitted immediately,2019-07-02T14:28:58.230Z,DML
7,195584.0,48,false,1,null,null,2019-07-02T14:28:57.589Z,1,316,null,root.root,0,null,BEESWAX,false,10485760,ef4691b65a696e41:8dacf35400000000,null,FINISHED,Admitted immediately,2019-07-02T14:28:57.905Z,DML
7,195584.0,48,false,1,null,null,2019-07-02T14:28:57.262Z,1,315,null,root.root,0,null,BEESWAX,false,10485760,9f4b901d0a18a4f7:ab1a33ff00000000,null,FINISHED,Admitted immediately,2019-07-02T14:28:57.577Z,DML
11,195584.0,48,false,1,null,null,2019-07-02T14:28:56.930Z,1,320,null,root.root,0,null,BEESWAX,false,10485760,bb4891410e72ec7b:4fe9783800000000,null,FINISHED,Admitted immediately,2019-07-02T14:28:57.250Z,DML
8,195584.0,48,false,1,null,null,2019-07-02T14:28:56.597Z,1,317,null,root.root,0,null,BEESWAX,false,10485760,1451eb4528bb9ca:981959bc00000000,null,FINISHED,Admitted immediately,2019-07-02T14:28:56.914Z,DML
7,195584.0,48,false,1,null,null,2019-07-02T14:28:56.266Z,1,317,null,root.root,0,null,BEESWAX,false,10485760,264689492be5b486:eff9500200000000,null,FINISHED,Admitted immediately,2019-07-02T14:28:56.583Z,DML
7,195584.0,48,false,1,null,null,2019-07-02T14:28:55.941Z,1,314,null,root.root,0,null,BEESWAX,false,10485760,724695852d619bcb:61848de500000000,null,FINISHED,Admitted immediately,2019-07-02T14:28:56.255Z,DML
10,195584.0,48,false,1,null,null,2019-07-02T14:28:55.613Z,1,319,null,root.root,0,null,BEESWAX,false,10485760,a0403f782fe7fcf2:662e94d800000000,null,FINISHED,Admitted immediately,2019-07-02T14:28:55.932Z,DML
11,195584.0,48,false,1,null,null,2019-07-02T14:28:55.176Z,1,421,null,root.root,0,null,BEESWAX,false,10485760,ee4eead20fa0ebca:e19c9a3600000000,null,FINISHED,Admitted immediately,2019-07-02T14:28:55.597Z,DML
9,195584.0,48,false,1,null,null,2019-07-02T14:28:54.841Z,1,317,null,root.root,0,null,BEESWAX,false,10485760,26472048900492af:92873c2300000000,null,FINISHED,Admitted immediately,2019-07-02T14:28:55.158Z,DML
null,null,null,false,null,null,null,2019-07-02T14:28:54.830Z,,1,null,null,null,null,BEESWAX,false,null,704d5b242025353e:c86140d100000000,null,EXCEPTION,Unknown,2019-07-02T14:28:54.831Z,N/A
0,null,null,false,null,null,null,2019-07-02T14:28:54.817Z,,2,null,null,null,null,BEESWAX,false,null,84456a4c39c7f2f4:5633f50e00000000,null,FINISHED,Unknown,2019-07-02T14:28:54.819Z,DDL
1,null,null,false,null,null,null,2019-07-02T14:28:54.804Z,,6,null,null,null,null,BEESWAX,false,null,744168311b9ed9a7:fe306e7f00000000,null,FINISHED,Unknown,2019-07-02T14:28:54.810Z,DDL
0,null,null,false,null,null,null,2019-07-02T13:57:57.644Z,,8,null,null,null,null,HIVESERVER2,false,null,a648682dcd603adf:4efeb5a200000000,null,FINISHED,Unknown,2019-07-02T13:57:57.652Z,DDL
0,null,null,false,null,null,null,2019-07-02T13:37:16.583Z,,19,null,null,null,null,BEESWAX,false,null,3942cb3e72c69b12:48b0a7c500000000,null,EXCEPTION,Unknown,2019-07-02T13:37:16.602Z,DDL
null,null,null,false,null,null,null,2019-07-02T13:37:16.577Z,,1,null,null,null,null,BEESWAX,false,null,794ecbc527f2e97b:b5d4be900000000,null,EXCEPTION,Unknown,2019-07-02T13:37:16.578Z,N/A
0,null,null,false,null,null,null,2019-07-02T13:37:16.568Z,,4,null,null,null,null,BEESWAX,false,null,654aee6a9bbb7314:dd03738400000000,null,FINISHED,Unknown,2019-07-02T13:37:16.572Z,DDL
15,2222981.12,null,false,null,null,null,2019-07-02T13:37:16.136Z,142,413,null,root.root,0,null,BEESWAX,true,67108864,61442eb826a1fe23:7281cdfd00000000,null,FINISHED,Admitted immediately,2019-07-02T13:37:16.549Z,QUERY
null,null,null,false,null,null,null,2019-07-02T13:37:16.130Z,,2,null,null,null,null,BEESWAX,false,null,a141a91936d53722:7de7eb4000000000,null,EXCEPTION,Unknown,2019-07-02T13:37:16.132Z,N/A
12,1226833.92,null,false,null,null,null,2019-07-02T13:37:15.584Z,142,523,null,root.root,0,null,BEESWAX,true,67108864,3847c1843c44c2ed:898be91a00000000,null,FINISHED,Admitted immediately,2019-07-02T13:37:16.107Z,QUERY
6,195584.0,48,false,1,null,null,2019-07-02T13:37:15.365Z,1,212,null,root.root,0,null,BEESWAX,false,10485760,fc4dbf5f22caef49:2dbae7a300000000,null,FINISHED,Admitted immediately,2019-07-02T13:37:15.577Z,DML
8,195584.0,48,false,1,null,null,2019-07-02T13:37:15.039Z,1,316,null,root.root,0,null,BEESWAX,false,10485760,524d48e7e85c31e2:f59f5d0000000000,null,FINISHED,Admitted immediately,2019-07-02T13:37:15.355Z,DML
8,195584.0,48,false,1,null,null,2019-07-02T13:37:14.711Z,1,315,null,root.root,0,null,BEESWAX,false,10485760,cc4c9c026935e71a:8747e8aa00000000,null,FINISHED,Admitted immediately,2019-07-02T13:37:15.026Z,DML
11,195584.0,48,false,1,null,null,2019-07-02T13:37:14.380Z,1,319,null,root.root,0,null,BEESWAX,false,10485760,4e6a12f4005d0c:5af4b37e00000000,null,FINISHED,Admitted immediately,2019-07-02T13:37:14.699Z,DML
7,195584.0,48,false,1,null,null,2019-07-02T13:37:14.049Z,1,314,null,root.root,0,null,BEESWAX,false,10485760,294e6250d7e006e9:9e2df0d000000000,null,FINISHED,Admitted immediately,2019-07-02T13:37:14.363Z,DML
8,195584.0,48,false,1,null,null,2019-07-02T13:37:13.721Z,1,316,null,root.root,0,null,BEESWAX,false,10485760,18433b02cd8fa5c9:fb87cbe800000000,null,FINISHED,Admitted immediately,2019-07-02T13:37:14.037Z,DML
7,195584.0,48,false,1,null,null,2019-07-02T13:37:13.394Z,1,314,null,root.root,0,null,BEESWAX,false,10485760,9945c0c63e03cc5b:43e6eed000000000,null,FINISHED,Admitted immediately,2019-07-02T13:37:13.708Z,DML
10,195584.0,48,false,1,null,null,2019-07-02T13:37:13.066Z,1,317,null,root.root,0,null,BEESWAX,false,10485760,d74901f4cd3727b8:d55f618c00000000,null,FINISHED,Admitted immediately,2019-07-02T13:37:13.383Z,DML
8,195584.0,48,false,1,null,null,2019-07-02T13:37:12.735Z,1,315,null,root.root,0,null,BEESWAX,false,10485760,914762eed55cc844:e9006ab900000000,null,FINISHED,Admitted immediately,2019-07-02T13:37:13.050Z,DML
8,195584.0,48,false,1,null,null,2019-07-02T13:37:12.407Z,1,315,null,root.root,0,null,BEESWAX,false,10485760,4d4673fe14d99cff:71b5f68a00000000,null,FINISHED,Admitted immediately,2019-07-02T13:37:12.722Z,DML
6,195584.0,48,false,1,null,null,2019-07-02T13:37:12.177Z,1,217,null,root.root,0,null,BEESWAX,false,10485760,7d4e519c5f0cf809:ded381e200000000,null,FINISHED,Admitted immediately,2019-07-02T13:37:12.394Z,DML
6,195584.0,48,false,1,null,null,2019-07-02T13:37:11.956Z,1,212,null,root.root,0,null,BEESWAX,false,10485760,5d44c60bac5ce875:2425589700000000,null,FINISHED,Admitted immediately,2019-07-02T13:37:12.168Z,DML
7,195584.0,48,false,1,null,null,2019-07-02T13:37:11.735Z,1,212,null,root.root,0,null,BEESWAX,false,10485760,90465b72391d773a:4a8c5cc100000000,null,FINISHED,Admitted immediately,2019-07-02T13:37:11.947Z,DML
8,195584.0,48,false,1,null,null,2019-07-02T13:37:11.412Z,1,314,null,root.root,0,null,BEESWAX,false,10485760,9149ea41e33865f8:1465cf9e00000000,null,FINISHED,Admitted immediately,2019-07-02T13:37:11.726Z,DML
7,195584.0,48,false,1,null,null,2019-07-02T13:37:11.079Z,1,316,null,root.root,0,null,BEESWAX,false,10485760,bb43d8435fa4028f:56657d5500000000,null,FINISHED,Admitted immediately,2019-07-02T13:37:11.395Z,DML
9,195584.0,48,false,1,null,null,2019-07-02T13:37:10.750Z,1,317,null,root.root,0,null,BEESWAX,false,10485760,dd4533c2f51ebfa4:4b486b5a00000000,null,FINISHED,Admitted immediately,2019-07-02T13:37:11.067Z,DML
8,195584.0,48,false,1,null,null,2019-07-02T13:37:10.420Z,1,316,null,root.root,0,null,BEESWAX,false,10485760,7f4c7abadfabd93e:899532b700000000,null,FINISHED,Admitted immediately,2019-07-02T13:37:10.736Z,DML
9,195584.0,48,false,1,null,null,2019-07-02T13:37:10.092Z,1,317,null,root.root,0,null,BEESWAX,false,10485760,3c408d99bbbe29e6:510301d700000000,null,FINISHED,Admitted immediately,2019-07-02T13:37:10.409Z,DML
10,195584.0,48,false,1,null,null,2019-07-02T13:37:09.759Z,1,320,null,root.root,0,null,BEESWAX,false,10485760,c241fc5a27b5a581:1f52f60500000000,null,FINISHED,Admitted immediately,2019-07-02T13:37:10.079Z,DML
9,195584.0,48,false,1,null,null,2019-07-02T13:37:09.226Z,1,519,null,root.root,0,null,BEESWAX,false,10485760,1f4ebf29e4031abb:42b73bcb00000000,null,FINISHED,Admitted immediately,2019-07-02T13:37:09.745Z,DML
null,null,null,false,null,null,null,2019-07-02T13:37:09.216Z,,2,null,null,null,null,BEESWAX,false,null,e24c38e5d18d40bf:d3dc910c00000000,null,EXCEPTION,Unknown,2019-07-02T13:37:09.218Z,N/A
0,null,null,false,null,null,null,2019-07-02T13:37:09.203Z,,3,null,null,null,null,BEESWAX,false,null,22426bd56de68509:f67baa9400000000,null,FINISHED,Unknown,2019-07-02T13:37:09.206Z,DDL
1,null,null,false,null,null,null,2019-07-02T13:37:09.188Z,,9,null,null,null,null,BEESWAX,false,null,f54cc7438fa84ee5:c525885500000000,null,FINISHED,Unknown,2019-07-02T13:37:09.197Z,DDL
1,null,null,false,null,null,null,2019-07-02T13:15:39.489Z,,5,null,null,null,null,BEESWAX,false,null,d0486a20d09e8da9:8360fc9800000000,null,FINISHED,Unknown,2019-07-02T13:15:39.494Z,DDL
0,null,null,false,null,null,null,2019-07-02T11:21:15.694Z,,5,null,null,null,null,BEESWAX,false,null,5c4f7269ef1ca766:2101f71d00000000,null,FINISHED,Unknown,2019-07-02T11:21:15.699Z,DDL
0,null,null,false,null,null,null,2019-07-02T11:05:49.889Z,,17,null,null,null,null,BEESWAX,false,null,9d4d28ba645f2634:e609884c00000000,null,EXCEPTION,Unknown,2019-07-02T11:05:49.906Z,DDL
null,null,null,false,null,null,null,2019-07-02T11:05:49.884Z,,1,null,null,null,null,BEESWAX,false,null,94cfd2f4ec48885:22892f4000000000,null,EXCEPTION,Unknown,2019-07-02T11:05:49.885Z,N/A
0,null,null,false,null,null,null,2019-07-02T11:05:49.876Z,,3,null,null,null,null,BEESWAX,false,null,4e47110f91d07f64:502ad2c300000000,null,FINISHED,Unknown,2019-07-02T11:05:49.879Z,DDL
12,2222981.12,null,false,null,null,null,2019-07-02T11:05:49.489Z,122,371,null,root.root,0,null,BEESWAX,true,67108864,2f4be1b47fa9ed39:2809202900000000,null,FINISHED,Admitted immediately,2019-07-02T11:05:49.860Z,QUERY
null,null,null,false,null,null,null,2019-07-02T11:05:49.483Z,,1,null,null,null,null,BEESWAX,false,null,174fc9b6c82682dd:8837f40200000000,null,EXCEPTION,Unknown,2019-07-02T11:05:49.484Z,N/A
16,1352663.04,null,false,null,null,null,2019-07-02T11:05:49.004Z,122,460,null,root.root,0,null,BEESWAX,true,67108864,c04f72771f7a376f:febef98d00000000,null,FINISHED,Admitted immediately,2019-07-02T11:05:49.464Z,QUERY
9,195584.0,48,false,1,null,null,2019-07-02T11:05:48.777Z,1,217,null,root.root,0,null,BEESWAX,false,10485760,c44b70394256e472:e128280d00000000,null,FINISHED,Admitted immediately,2019-07-02T11:05:48.994Z,DML
7,195584.0,48,false,1,null,null,2019-07-02T11:05:48.550Z,1,214,null,root.root,0,null,BEESWAX,false,10485760,ee4d3683e0a9a1bc:a488b7b200000000,null,FINISHED,Admitted immediately,2019-07-02T11:05:48.764Z,DML
8,195584.0,48,false,1,null,null,2019-07-02T11:05:48.324Z,1,215,null,root.root,0,null,BEESWAX,false,10485760,76478ec0fd7ee2c8:c015382600000000,null,FINISHED,Admitted immediately,2019-07-02T11:05:48.539Z,DML
7,195584.0,48,false,1,null,null,2019-07-02T11:05:48.100Z,1,213,null,root.root,0,null,BEESWAX,false,10485760,f94070b8fbc157cc:621c525f00000000,null,FINISHED,Admitted immediately,2019-07-02T11:05:48.313Z,DML
11,195584.0,48,false,1,null,null,2019-07-02T11:05:47.870Z,1,219,null,root.root,0,null,BEESWAX,false,10485760,284ff2155e9a2845:4fb2ef1d00000000,null,FINISHED,Admitted immediately,2019-07-02T11:05:48.089Z,DML
9,195584.0,48,false,1,null,null,2019-07-02T11:05:47.636Z,1,215,null,root.root,0,null,BEESWAX,false,10485760,b64752a9a2a9e923:5d282b7500000000,null,FINISHED,Admitted immediately,2019-07-02T11:05:47.851Z,DML
9,195584.0,48,false,1,null,null,2019-07-02T11:05:47.309Z,1,315,null,root.root,0,null,BEESWAX,false,10485760,6344b52208816d69:ce2010ef00000000,null,FINISHED,Admitted immediately,2019-07-02T11:05:47.624Z,DML
8,195584.0,48,false,1,null,null,2019-07-02T11:05:46.983Z,1,315,null,root.root,0,null,BEESWAX,false,10485760,29478051a29bc133:65faa1e600000000,null,FINISHED,Admitted immediately,2019-07-02T11:05:47.298Z,DML
9,195584.0,48,false,1,null,null,2019-07-02T11:05:46.654Z,1,316,null,root.root,0,null,BEESWAX,false,10485760,be4d5800d025dffa:675c2ae200000000,null,FINISHED,Admitted immediately,2019-07-02T11:05:46.970Z,DML
11,195584.0,48,false,1,null,null,2019-07-02T11:05:46.322Z,1,319,null,root.root,0,null,BEESWAX,false,10485760,7b4ab8c2aed59b0c:abf909e100000000,null,FINISHED,Admitted immediately,2019-07-02T11:05:46.641Z,DML
10,195584.0,48,false,1,null,null,2019-07-02T11:05:45.987Z,1,318,null,root.root,0,null,BEESWAX,false,10485760,d44ac35c8c5e488e:6fcdfada00000000,null,FINISHED,Admitted immediately,2019-07-02T11:05:46.305Z,DML
8,195584.0,48,false,1,null,null,2019-07-02T11:05:45.655Z,1,316,null,root.root,0,null,BEESWAX,false,10485760,ef4d3ec3c062e759:deb3ecb00000000,null,FINISHED,Admitted immediately,2019-07-02T11:05:45.971Z,DML
9,195584.0,48,false,1,null,null,2019-07-02T11:05:45.320Z,1,323,null,root.root,0,null,BEESWAX,false,10485760,5247f8fea630f0df:b8dcc9da00000000,null,FINISHED,Admitted immediately,2019-07-02T11:05:45.643Z,DML
7,195584.0,48,false,1,null,null,2019-07-02T11:05:44.990Z,1,315,null,root.root,0,null,BEESWAX,false,10485760,e04f9210e9bc2d2c:a4c92f1a00000000,null,FINISHED,Admitted immediately,2019-07-02T11:05:45.305Z,DML
9,195584.0,48,false,1,null,null,2019-07-02T11:05:44.663Z,1,317,null,root.root,0,null,BEESWAX,false,10485760,6c4fea57275dbb7c:15960b1800000000,null,FINISHED,Admitted immediately,2019-07-02T11:05:44.980Z,DML
9,195584.0,48,false,1,null,null,2019-07-02T11:05:44.332Z,1,317,null,root.root,0,null,BEESWAX,false,10485760,654fd7f5c1942d83:eff99600000000,null,FINISHED,Admitted immediately,2019-07-02T11:05:44.649Z,DML
8,195584.0,48,false,1,null,null,2019-07-02T11:05:44.006Z,1,315,null,root.root,0,null,BEESWAX,false,10485760,654ad0ea3cd7f25f:b717a71100000000,null,FINISHED,Admitted immediately,2019-07-02T11:05:44.321Z,DML
8,195584.0,48,false,1,null,null,2019-07-02T11:05:43.678Z,1,315,null,root.root,0,null,BEESWAX,false,10485760,eb438bb36fb988bf:820fc5dc00000000,null,FINISHED,Admitted immediately,2019-07-02T11:05:43.993Z,DML
8,195584.0,48,false,1,null,null,2019-07-02T11:05:43.353Z,1,315,null,root.root,0,null,BEESWAX,false,10485760,4c45c4416a1bcb9c:9ca46c500000000,null,FINISHED,Admitted immediately,2019-07-02T11:05:43.668Z,DML
4638,195584.0,48,false,1,null,null,2019-07-02T11:05:38.296Z,1,5046,null,root.root,0,null,BEESWAX,false,10485760,bd49000b2f097ed2:eb933aed00000000,null,FINISHED,Admitted immediately,2019-07-02T11:05:43.342Z,DML
1,null,null,false,null,null,null,2019-07-02T11:05:38.228Z,,58,null,null,null,null,BEESWAX,false,null,ca48b2af38aa3132:f1f5333400000000,null,FINISHED,Unknown,2019-07-02T11:05:38.286Z,DDL
0,null,null,false,null,null,null,2019-07-02T11:05:38.215Z,,3,null,null,null,null,BEESWAX,false,null,9a43540bbaa2af02:3cbf44400000000,null,FINISHED,Unknown,2019-07-02T11:05:38.218Z,DDL
0,null,null,false,null,null,null,2019-07-02T11:05:38.204Z,,6,null,null,null,null,BEESWAX,false,null,a049b9167476d00b:3f05d3e400000000,null,FINISHED,Unknown,2019-07-02T11:05:38.210Z,DDL
0,null,null,false,null,null,null,2019-07-02T11:05:35.882Z,,4,null,null,null,null,BEESWAX,false,null,184bad260f04a6ba:850462b900000000,null,FINISHED,Unknown,2019-07-02T11:05:35.886Z,DDL
1,null,null,false,null,null,null,2019-07-02T11:05:32.049Z,,73,null,null,null,null,BEESWAX,false,null,214da097fbf271b7:10b43f7300000000,null,FINISHED,Unknown,2019-07-02T11:05:32.122Z,DDL
4109,null,null,false,null,null,null,2019-07-02T11:05:22.789Z,,4191,null,null,null,null,BEESWAX,false,null,e9477575c585054c:b94928a100000000,null,FINISHED,Unknown,2019-07-02T11:05:26.980Z,DDL
0,null,null,false,null,null,null,2019-07-02T11:05:10.649Z,,5,null,null,null,null,BEESWAX,false,null,484f8e4c23fea5b4:e3504ccb00000000,null,FINISHED,Unknown,2019-07-02T11:05:10.654Z,DDL
0,null,null,false,null,null,null,2019-07-02T11:05:09.009Z,,4,null,null,null,null,BEESWAX,false,null,494537ce2bb33df4:9f94063a00000000,null,FINISHED,Unknown,2019-07-02T11:05:09.013Z,DDL
1,null,null,false,null,null,null,2019-07-02T11:05:03.722Z,,5,null,null,null,null,BEESWAX,false,null,5e429752c86fd987:1886070300000000,null,FINISHED,Unknown,2019-07-02T11:05:03.727Z,DDL
1,null,null,false,null,null,null,2019-07-02T11:04:59.406Z,,6,null,null,null,null,BEESWAX,false,null,be45a41b3f1614ab:4fe0f09900000000,null,FINISHED,Unknown,2019-07-02T11:04:59.412Z,DDL
0,null,null,false,null,null,null,2019-07-02T11:04:47.671Z,,12,null,null,null,null,BEESWAX,false,null,1f443cda0e0a73e8:d10756b800000000,null,EXCEPTION,Unknown,2019-07-02T11:04:47.683Z,DDL
null,null,null,false,null,null,null,2019-07-02T11:04:47.664Z,,2,null,null,null,null,BEESWAX,false,null,83429f3a301db6ab:edc2f01000000000,null,EXCEPTION,Unknown,2019-07-02T11:04:47.666Z,N/A
0,null,null,false,null,null,null,2019-07-02T11:04:47.655Z,,3,null,null,null,null,BEESWAX,false,null,674274b80d569453:4966560c00000000,null,FINISHED,Unknown,2019-07-02T11:04:47.658Z,DDL
9,2222981.12,null,false,null,null,null,2019-07-02T11:04:47.282Z,102,355,null,root.root,0,null,BEESWAX,true,67108864,364ed463741d4079:709c18d100000000,null,FINISHED,Admitted immediately,2019-07-02T11:04:47.637Z,QUERY
null,null,null,false,null,null,null,2019-07-02T11:04:47.278Z,,1,null,null,null,null,BEESWAX,false,null,594e281edec74517:8a74b62d00000000,null,EXCEPTION,Unknown,2019-07-02T11:04:47.279Z,N/A
14,1195376.64,null,false,null,null,null,2019-07-02T11:04:46.756Z,102,508,null,root.root,0,null,BEESWAX,true,67108864,c9487fbdb17e43a6:238dfdcc00000000,null,FINISHED,Admitted immediately,2019-07-02T11:04:47.264Z,QUERY
8,195584.0,48,false,1,null,null,2019-07-02T11:04:46.430Z,1,315,null,root.root,0,null,BEESWAX,false,10485760,7c45ef6405189455:6f96757100000000,null,FINISHED,Admitted immediately,2019-07-02T11:04:46.745Z,DML
6,195584.0,48,false,1,null,null,2019-07-02T11:04:46.206Z,1,214,null,root.root,0,null,BEESWAX,false,10485760,364342a999d931bb:7f9630ec00000000,null,FINISHED,Admitted immediately,2019-07-02T11:04:46.420Z,DML
6,195584.0,48,false,1,null,null,2019-07-02T11:04:45.981Z,1,215,null,root.root,0,null,BEESWAX,false,10485760,704c4b0177445d00:58ad9c6900000000,null,FINISHED,Admitted immediately,2019-07-02T11:04:46.196Z,DML
6,195584.0,48,false,1,null,null,2019-07-02T11:04:45.760Z,1,212,null,root.root,0,null,BEESWAX,false,10485760,645aec4d0b130ef:f22f1d7200000000,null,FINISHED,Admitted immediately,2019-07-02T11:04:45.972Z,DML
6,195584.0,48,false,1,null,null,2019-07-02T11:04:45.438Z,1,313,null,root.root,0,null,BEESWAX,false,10485760,e444479aea8a668d:c78e957000000000,null,FINISHED,Admitted immediately,2019-07-02T11:04:45.751Z,DML
5,195584.0,48,false,1,null,null,2019-07-02T11:04:45.217Z,1,211,null,root.root,0,null,BEESWAX,false,10485760,27459e41f3a31b88:38456b0000000000,null,FINISHED,Admitted immediately,2019-07-02T11:04:45.428Z,DML
7,195584.0,48,false,1,null,null,2019-07-02T11:04:44.995Z,1,214,null,root.root,0,null,BEESWAX,false,10485760,a348c2ddfc623f5d:33be638700000000,null,FINISHED,Admitted immediately,2019-07-02T11:04:45.209Z,DML
9,195584.0,48,false,1,null,null,2019-07-02T11:04:44.666Z,1,318,null,root.root,0,null,BEESWAX,false,10485760,bc4bd1a6ad78a072:725f8e900000000,null,FINISHED,Admitted immediately,2019-07-02T11:04:44.984Z,DML
11,195584.0,48,false,1,null,null,2019-07-02T11:04:44.335Z,1,318,null,root.root,0,null,BEESWAX,false,10485760,864c002fd4dddaac:dd0d19d400000000,null,FINISHED,Admitted immediately,2019-07-02T11:04:44.653Z,DML
7,195584.0,48,false,1,null,null,2019-07-02T11:04:44.002Z,1,317,null,root.root,0,null,BEESWAX,false,10485760,324889613908f181:4115dfb200000000,null,FINISHED,Admitted immediately,2019-07-02T11:04:44.319Z,DML
7,195584.0,48,false,1,null,null,2019-07-02T11:04:43.677Z,1,314,null,root.root,0,null,BEESWAX,false,10485760,8e444b314c0a2f0f:a046289600000000,null,FINISHED,Admitted immediately,2019-07-02T11:04:43.991Z,DML
8,195584.0,48,false,1,null,null,2019-07-02T11:04:43.349Z,1,317,null,root.root,0,null,BEESWAX,false,10485760,ea4883f93df1582f:628630d600000000,null,FINISHED,Admitted immediately,2019-07-02T11:04:43.666Z,DML
10,195584.0,48,false,1,null,null,2019-07-02T11:04:43.016Z,1,320,null,root.root,0,null,BEESWAX,false,10485760,794792c09cf6331a:44d1a18000000000,null,FINISHED,Admitted immediately,2019-07-02T11:04:43.336Z,DML
11,195584.0,48,false,1,null,null,2019-07-02T11:04:42.681Z,1,320,null,root.root,0,null,BEESWAX,false,10485760,f45d8235d60d3b4:ae5eedd000000000,null,FINISHED,Admitted immediately,2019-07-02T11:04:43.001Z,DML
8,195584.0,48,false,1,null,null,2019-07-02T11:04:42.351Z,1,315,null,root.root,0,null,BEESWAX,false,10485760,474121d1157479f4:c593939100000000,null,FINISHED,Admitted immediately,2019-07-02T11:04:42.666Z,DML
9,195584.0,48,false,1,null,null,2019-07-02T11:04:42.022Z,1,315,null,root.root,0,null,BEESWAX,false,10485760,434d63aa14d88d0a:a8decfce00000000,null,FINISHED,Admitted immediately,2019-07-02T11:04:42.337Z,DML
8,195584.0,48,false,1,null,null,2019-07-02T11:04:41.693Z,1,316,null,root.root,0,null,BEESWAX,false,10485760,514f4764aed01319:a26465cc00000000,null,FINISHED,Admitted immediately,2019-07-02T11:04:42.009Z,DML
9,195584.0,48,false,1,null,null,2019-07-02T11:04:41.353Z,1,321,null,root.root,0,null,BEESWAX,false,10485760,84426d746b5a8be2:21c967bb00000000,null,FINISHED,Admitted immediately,2019-07-02T11:04:41.674Z,DML
8,195584.0,48,false,1,null,null,2019-07-02T11:04:41.023Z,1,315,null,root.root,0,null,BEESWAX,false,10485760,504e2533eb8be32f:80927bd500000000,null,FINISHED,Admitted immediately,2019-07-02T11:04:41.338Z,DML
8,195584.0,48,false,1,null,null,2019-07-02T11:04:40.695Z,1,317,null,root.root,0,null,BEESWAX,false,10485760,f84b4cb8e75076ed:14e8670f00000000,null,FINISHED,Admitted immediately,2019-07-02T11:04:41.012Z,DML
null,null,null,false,null,null,null,2019-07-02T11:04:40.685Z,,2,null,null,null,null,BEESWAX,false,null,f94ba9e540f2968a:d0cfd41200000000,null,EXCEPTION,Unknown,2019-07-02T11:04:40.687Z,N/A
0,null,null,false,null,null,null,2019-07-02T11:04:40.673Z,,3,null,null,null,null,BEESWAX,false,null,f844eec1cdd08fd4:7799308b00000000,null,FINISHED,Unknown,2019-07-02T11:04:40.676Z,DDL
1,null,null,false,null,null,null,2019-07-02T11:04:40.661Z,,6,null,null,null,null,BEESWAX,false,null,ee4bb1ac9cafe76c:b4e55a2200000000,null,FINISHED,Unknown,2019-07-02T11:04:40.667Z,DDL
0,null,null,false,null,null,null,2019-07-02T11:04:13.856Z,,14,null,null,null,null,BEESWAX,false,null,cb46d6d07ebb39ef:9e3df8d700000000,null,EXCEPTION,Unknown,2019-07-02T11:04:13.870Z,DDL
null,null,null,false,null,null,null,2019-07-02T11:04:13.852Z,,1,null,null,null,null,BEESWAX,false,null,354731a55cc9bcc7:6c6cddb400000000,null,EXCEPTION,Unknown,2019-07-02T11:04:13.853Z,N/A
0,null,null,false,null,null,null,2019-07-02T11:04:13.845Z,,3,null,null,null,null,BEESWAX,false,null,c84d2cd4cee59640:b153bc1100000000,null,FINISHED,Unknown,2019-07-02T11:04:13.848Z,DDL
12,2222981.12,null,false,null,null,null,2019-07-02T11:04:13.483Z,82,349,null,root.root,0,null,BEESWAX,true,67108864,3d4c936788ac7e9a:e220e0ca00000000,null,FINISHED,Admitted immediately,2019-07-02T11:04:13.832Z,QUERY
null,null,null,false,null,null,null,2019-07-02T11:04:13.477Z,,1,null,null,null,null,BEESWAX,false,null,7e4f43dca4320f37:c6c48b1d00000000,null,EXCEPTION,Unknown,2019-07-02T11:04:13.478Z,N/A
15,905697.28,null,false,null,null,null,2019-07-02T11:04:12.912Z,82,547,null,root.root,0,null,BEESWAX,true,67108864,5c4e8cd3b62cb400:f871a18f00000000,null,FINISHED,Admitted immediately,2019-07-02T11:04:13.459Z,QUERY
10,195584.0,48,false,1,null,null,2019-07-02T11:04:12.582Z,1,319,null,root.root,0,null,BEESWAX,false,10485760,254be0f88f8f6e36:469a80da00000000,null,FINISHED,Admitted immediately,2019-07-02T11:04:12.901Z,DML
7,195584.0,48,false,1,null,null,2019-07-02T11:04:12.254Z,1,314,null,root.root,0,null,BEESWAX,false,10485760,694dd560ace720e8:6c237aed00000000,null,FINISHED,Admitted immediately,2019-07-02T11:04:12.568Z,DML
9,195584.0,48,false,1,null,null,2019-07-02T11:04:11.928Z,1,315,null,root.root,0,null,BEESWAX,false,10485760,904bd71a981c81d0:7a0ecc9f00000000,null,FINISHED,Admitted immediately,2019-07-02T11:04:12.243Z,DML
9,195584.0,48,false,1,null,null,2019-07-02T11:04:11.598Z,1,318,null,root.root,0,null,BEESWAX,false,10485760,914daa0b562fe8fb:719ec27100000000,null,FINISHED,Admitted immediately,2019-07-02T11:04:11.916Z,DML
9,195584.0,48,false,1,null,null,2019-07-02T11:04:11.269Z,1,315,null,root.root,0,null,BEESWAX,false,10485760,9a4518c8112d6783:e1c5ae700000000,null,FINISHED,Admitted immediately,2019-07-02T11:04:11.584Z,DML
7,195584.0,48,false,1,null,null,2019-07-02T11:04:10.937Z,1,320,null,root.root,0,null,BEESWAX,false,10485760,c4084189b16b402:aea5e2a000000000,null,FINISHED,Admitted immediately,2019-07-02T11:04:11.257Z,DML
11,195584.0,48,false,1,null,null,2019-07-02T11:04:10.607Z,1,319,null,root.root,0,null,BEESWAX,false,10485760,1e4a7c129dfe7b61:52533e6a00000000,null,FINISHED,Admitted immediately,2019-07-02T11:04:10.926Z,DML
9,195584.0,48,false,1,null,null,2019-07-02T11:04:10.274Z,1,318,null,root.root,0,null,BEESWAX,false,10485760,774e039deee49dea:8df7f65d00000000,null,FINISHED,Admitted immediately,2019-07-02T11:04:10.592Z,DML
9,195584.0,48,false,1,null,null,2019-07-02T11:04:09.945Z,1,316,null,root.root,0,null,BEESWAX,false,10485760,2148e5fde33851a2:90a753500000000,null,FINISHED,Admitted immediately,2019-07-02T11:04:10.261Z,DML
9,195584.0,48,false,1,null,null,2019-07-02T11:04:09.613Z,1,316,null,root.root,0,null,BEESWAX,false,10485760,70432c88d126717d:b09fe13e00000000,null,FINISHED,Admitted immediately,2019-07-02T11:04:09.929Z,DML
9,195584.0,48,false,1,null,null,2019-07-02T11:04:09.281Z,1,317,null,root.root,0,null,BEESWAX,false,10485760,604387e84f853c9f:44c2e43900000000,null,FINISHED,Admitted immediately,2019-07-02T11:04:09.598Z,DML
9,195584.0,48,false,1,null,null,2019-07-02T11:04:08.950Z,1,317,null,root.root,0,null,BEESWAX,false,10485760,864ff1282b8f5c49:5d94f20e00000000,null,FINISHED,Admitted immediately,2019-07-02T11:04:09.267Z,DML
8,195584.0,48,false,1,null,null,2019-07-02T11:04:08.619Z,1,316,null,root.root,0,null,BEESWAX,false,10485760,b0416d107660adfe:98079ada00000000,null,FINISHED,Admitted immediately,2019-07-02T11:04:08.935Z,DML
8,195584.0,48,false,1,null,null,2019-07-02T11:04:08.291Z,1,316,null,root.root,0,null,BEESWAX,false,10485760,e24655f44ca43331:cb7f816f00000000,null,FINISHED,Admitted immediately,2019-07-02T11:04:08.607Z,DML
8,195584.0,48,false,1,null,null,2019-07-02T11:04:07.965Z,1,315,null,root.root,0,null,BEESWAX,false,10485760,2d4dce4c9ad19ed8:8b598f5100000000,null,FINISHED,Admitted immediately,2019-07-02T11:04:08.280Z,DML
7,195584.0,48,false,1,null,null,2019-07-02T11:04:07.638Z,1,316,null,root.root,0,null,BEESWAX,false,10485760,614436c7b36aac12:fee5653400000000,null,FINISHED,Admitted immediately,2019-07-02T11:04:07.954Z,DML
8,195584.0,48,false,1,null,null,2019-07-02T11:04:07.308Z,1,317,null,root.root,0,null,BEESWAX,false,10485760,ef48be39a58278d5:adaa58ee00000000,null,FINISHED,Admitted immediately,2019-07-02T11:04:07.625Z,DML
9,195584.0,48,false,1,null,null,2019-07-02T11:04:06.981Z,1,316,null,root.root,0,null,BEESWAX,false,10485760,d14a868012b3821b:9c20d06500000000,null,FINISHED,Admitted immediately,2019-07-02T11:04:07.297Z,DML
10,195584.0,48,false,1,null,null,2019-07-02T11:04:06.651Z,1,318,null,root.root,0,null,BEESWAX,false,10485760,ff417ae778840f97:a81ab2a00000000,null,FINISHED,Admitted immediately,2019-07-02T11:04:06.969Z,DML
9,195584.0,48,false,1,null,null,2019-07-02T11:04:06.218Z,1,418,null,root.root,0,null,BEESWAX,false,10485760,244d837cae166164:635c8e9000000000,null,FINISHED,Admitted immediately,2019-07-02T11:04:06.636Z,DML
null,null,null,false,null,null,null,2019-07-02T11:04:06.208Z,,1,null,null,null,null,BEESWAX,false,null,df41c7d7028048a1:b428bc0600000000,null,EXCEPTION,Unknown,2019-07-02T11:04:06.209Z,N/A
0,null,null,false,null,null,null,2019-07-02T11:04:06.195Z,,2,null,null,null,null,BEESWAX,false,null,8848e9a567e98188:f219b37400000000,null,FINISHED,Unknown,2019-07-02T11:04:06.197Z,DDL
1,null,null,false,null,null,null,2019-07-02T11:04:06.182Z,,7,null,null,null,null,BEESWAX,false,null,ec429153ad19bc16:1c97951400000000,null,FINISHED,Unknown,2019-07-02T11:04:06.189Z,DDL
0,null,null,false,null,null,null,2019-07-02T09:26:21.167Z,,11,null,null,null,null,BEESWAX,false,null,394c5d2ce231b672:93d1699400000000,null,EXCEPTION,Unknown,2019-07-02T09:26:21.178Z,DDL
null,null,null,false,null,null,null,2019-07-02T09:26:21.162Z,,1,null,null,null,null,BEESWAX,false,null,3e4aee7eac9617c7:300a456900000000,null,EXCEPTION,Unknown,2019-07-02T09:26:21.163Z,N/A
0,null,null,false,null,null,null,2019-07-02T09:26:21.156Z,,2,null,null,null,null,BEESWAX,false,null,2647fa0140303344:5c08a0f300000000,null,FINISHED,Unknown,2019-07-02T09:26:21.158Z,DDL
7,2222981.12,null,false,null,null,null,2019-07-02T09:26:20.819Z,62,324,null,root.root,0,null,BEESWAX,true,67108864,dc4b09b8823a313a:c87d5e3500000000,null,FINISHED,Admitted immediately,2019-07-02T09:26:21.143Z,QUERY
null,null,null,false,null,null,null,2019-07-02T09:26:20.815Z,,1,null,null,null,null,BEESWAX,false,null,3e4a55848ed3c48a:f561f8e600000000,null,EXCEPTION,Unknown,2019-07-02T09:26:20.816Z,N/A
13,578017.28,null,false,null,null,null,2019-07-02T09:26:20.398Z,62,403,null,root.root,0,null,BEESWAX,true,67108864,943bb22d86896b3:49fc170900000000,null,FINISHED,Admitted immediately,2019-07-02T09:26:20.801Z,QUERY
7,195584.0,48,false,1,null,null,2019-07-02T09:26:20.174Z,1,215,null,root.root,0,null,BEESWAX,false,10485760,be4736eafd2154de:ea0627e700000000,null,FINISHED,Admitted immediately,2019-07-02T09:26:20.389Z,DML
6,195584.0,48,false,1,null,null,2019-07-02T09:26:19.949Z,1,213,null,root.root,0,null,BEESWAX,false,10485760,e34445d56f0fa3b2:2a95b3ba00000000,null,FINISHED,Admitted immediately,2019-07-02T09:26:20.162Z,DML
6,195584.0,48,false,1,null,null,2019-07-02T09:26:19.727Z,1,213,null,root.root,0,null,BEESWAX,false,10485760,d74c24079a21a5f0:e998ce4700000000,null,FINISHED,Admitted immediately,2019-07-02T09:26:19.940Z,DML
9,195584.0,48,false,1,null,null,2019-07-02T09:26:19.502Z,1,215,null,root.root,0,null,BEESWAX,false,10485760,d7409be49a7ef337:123e40a700000000,null,FINISHED,Admitted immediately,2019-07-02T09:26:19.717Z,DML
8,195584.0,48,false,1,null,null,2019-07-02T09:26:19.276Z,1,214,null,root.root,0,null,BEESWAX,false,10485760,fc4086ccf4aa0f3b:530a0f9a00000000,null,FINISHED,Admitted immediately,2019-07-02T09:26:19.490Z,DML
12,195584.0,48,false,1,null,null,2019-07-02T09:26:19.043Z,1,219,null,root.root,0,null,BEESWAX,false,10485760,dc47f51849b0ee6f:52a73c2800000000,null,FINISHED,Admitted immediately,2019-07-02T09:26:19.262Z,DML
9,195584.0,48,false,1,null,null,2019-07-02T09:26:18.816Z,1,216,null,root.root,0,null,BEESWAX,false,10485760,e94662c612f3003d:dd45b2a300000000,null,FINISHED,Admitted immediately,2019-07-02T09:26:19.032Z,DML
7,195584.0,48,false,1,null,null,2019-07-02T09:26:18.586Z,1,215,null,root.root,0,null,BEESWAX,false,10485760,934bca9a627a415f:2fad603600000000,null,FINISHED,Admitted immediately,2019-07-02T09:26:18.801Z,DML
9,195584.0,48,false,1,null,null,2019-07-02T09:26:18.358Z,1,216,null,root.root,0,null,BEESWAX,false,10485760,294c41f0f6189230:a8e7e3ea00000000,null,FINISHED,Admitted immediately,2019-07-02T09:26:18.574Z,DML
10,195584.0,48,false,1,null,null,2019-07-02T09:26:18.129Z,1,216,null,root.root,0,null,BEESWAX,false,10485760,1f437119be5789a8:1844d0d700000000,null,FINISHED,Admitted immediately,2019-07-02T09:26:18.345Z,DML
9,195584.0,48,false,1,null,null,2019-07-02T09:26:17.899Z,1,215,null,root.root,0,null,BEESWAX,false,10485760,5f488bdf4cea82db:b3924fa800000000,null,FINISHED,Admitted immediately,2019-07-02T09:26:18.114Z,DML
8,195584.0,48,false,1,null,null,2019-07-02T09:26:17.672Z,1,214,null,root.root,0,null,BEESWAX,false,10485760,774b1f7cd0faaa20:193fbe7d00000000,null,FINISHED,Admitted immediately,2019-07-02T09:26:17.886Z,DML
8,195584.0,48,false,1,null,null,2019-07-02T09:26:17.447Z,1,214,null,root.root,0,null,BEESWAX,false,10485760,ae4f647dc60c62ec:cdab1af000000000,null,FINISHED,Admitted immediately,2019-07-02T09:26:17.661Z,DML
6,195584.0,48,false,1,null,null,2019-07-02T09:26:17.224Z,1,211,null,root.root,0,null,BEESWAX,false,10485760,164e11ded70775c3:c2f0739000000000,null,FINISHED,Admitted immediately,2019-07-02T09:26:17.435Z,DML
9,195584.0,48,false,1,null,null,2019-07-02T09:26:17.001Z,1,214,null,root.root,0,null,BEESWAX,false,10485760,104b3b02896af505:ba7ba74000000000,null,FINISHED,Admitted immediately,2019-07-02T09:26:17.215Z,DML
9,195584.0,48,false,1,null,null,2019-07-02T09:26:16.774Z,1,216,null,root.root,0,null,BEESWAX,false,10485760,224c65f19de2327a:391fd59d00000000,null,FINISHED,Admitted immediately,2019-07-02T09:26:16.990Z,DML
10,195584.0,48,false,1,null,null,2019-07-02T09:26:16.547Z,1,217,null,root.root,0,null,BEESWAX,false,10485760,7b45d150db5042cb:978e27a900000000,null,FINISHED,Admitted immediately,2019-07-02T09:26:16.764Z,DML
8,195584.0,48,false,1,null,null,2019-07-02T09:26:16.317Z,1,217,null,root.root,0,null,BEESWAX,false,10485760,4247d1bd343454fb:8d40bd3200000000,null,FINISHED,Admitted immediately,2019-07-02T09:26:16.534Z,DML
8,195584.0,48,false,1,null,null,2019-07-02T09:26:15.990Z,1,316,null,root.root,0,null,BEESWAX,false,10485760,7741ad5111abd4ce:18e7935500000000,null,FINISHED,Admitted immediately,2019-07-02T09:26:16.306Z,DML
7,195584.0,48,false,1,null,null,2019-07-02T09:26:15.763Z,1,217,null,root.root,0,null,BEESWAX,false,10485760,874ff077b563cc99:ec1dfb7600000000,null,FINISHED,Admitted immediately,2019-07-02T09:26:15.980Z,DML
null,null,null,false,null,null,null,2019-07-02T09:26:15.753Z,,2,null,null,null,null,BEESWAX,false,null,b24a5c1e3da5222e:110bc14200000000,null,EXCEPTION,Unknown,2019-07-02T09:26:15.755Z,N/A
0,null,null,false,null,null,null,2019-07-02T09:26:15.741Z,,3,null,null,null,null,BEESWAX,false,null,c34192291e5a3e2c:8449b16f00000000,null,FINISHED,Unknown,2019-07-02T09:26:15.744Z,DDL
0,null,null,false,null,null,null,2019-07-02T09:26:15.727Z,,9,null,null,null,null,BEESWAX,false,null,224a64d77205ec56:27aa773b00000000,null,FINISHED,Unknown,2019-07-02T09:26:15.736Z,DDL
0,null,null,false,null,null,null,2019-07-02T09:25:47.420Z,,16,null,null,null,null,BEESWAX,false,null,5b49b36873ef5269:e21acf9d00000000,null,EXCEPTION,Unknown,2019-07-02T09:25:47.436Z,DDL
null,null,null,false,null,null,null,2019-07-02T09:25:47.414Z,,1,null,null,null,null,BEESWAX,false,null,a4448521acbabf0d:b946183700000000,null,EXCEPTION,Unknown,2019-07-02T09:25:47.415Z,N/A
0,null,null,false,null,null,null,2019-07-02T09:25:47.406Z,,3,null,null,null,null,BEESWAX,false,null,744bec57c3c6a7ce:9cbf804200000000,null,FINISHED,Unknown,2019-07-02T09:25:47.409Z,DDL
10,2128609.28,null,false,null,null,null,2019-07-02T09:25:47.046Z,42,341,null,root.root,0,null,BEESWAX,true,67108864,b44bcfe62e7a9348:3b69d9e00000000,null,FINISHED,Admitted immediately,2019-07-02T09:25:47.387Z,QUERY
null,null,null,false,null,null,null,2019-07-02T09:25:47.040Z,,2,null,null,null,null,BEESWAX,false,null,4846610c10fac392:1b5939f000000000,null,EXCEPTION,Unknown,2019-07-02T09:25:47.042Z,N/A
13,510750.72,null,false,null,null,null,2019-07-02T09:25:46.566Z,42,457,null,root.root,0,null,BEESWAX,true,67108864,d243ab04e6db36cc:d779b16f00000000,null,FINISHED,Admitted immediately,2019-07-02T09:25:47.023Z,QUERY
7,195584.0,48,false,1,null,null,2019-07-02T09:25:46.244Z,1,315,null,root.root,0,null,BEESWAX,false,10485760,b4f7bec850c81ec:727d690100000000,null,FINISHED,Admitted immediately,2019-07-02T09:25:46.559Z,DML
7,195584.0,48,false,1,null,null,2019-07-02T09:25:46.020Z,1,213,null,root.root,0,null,BEESWAX,false,10485760,f141e7de4500b7d7:4f4763fd00000000,null,FINISHED,Admitted immediately,2019-07-02T09:25:46.233Z,DML
8,195584.0,48,false,1,null,null,2019-07-02T09:25:45.796Z,1,213,null,root.root,0,null,BEESWAX,false,10485760,5f4ebd9ea10f0b91:b283e70800000000,null,FINISHED,Admitted immediately,2019-07-02T09:25:46.009Z,DML
10,195584.0,48,false,1,null,null,2019-07-02T09:25:45.569Z,1,216,null,root.root,0,null,BEESWAX,false,10485760,1b445e13545cc7ca:2a02283b00000000,null,FINISHED,Admitted immediately,2019-07-02T09:25:45.785Z,DML
7,195584.0,48,false,1,null,null,2019-07-02T09:25:45.239Z,1,315,null,root.root,0,null,BEESWAX,false,10485760,a044a07b411c67fc:d0fb0b600000000,null,FINISHED,Admitted immediately,2019-07-02T09:25:45.554Z,DML
7,195584.0,48,false,1,null,null,2019-07-02T09:25:44.909Z,1,315,null,root.root,0,null,BEESWAX,false,10485760,cc4e4752dc2617fe:5f863bc400000000,null,FINISHED,Admitted immediately,2019-07-02T09:25:45.224Z,DML
8,195584.0,48,false,1,null,null,2019-07-02T09:25:44.684Z,1,215,null,root.root,0,null,BEESWAX,false,10485760,d24429e78548e19c:e4a8cb9f00000000,null,FINISHED,Admitted immediately,2019-07-02T09:25:44.899Z,DML
10,195584.0,48,false,1,null,null,2019-07-02T09:25:44.355Z,1,317,null,root.root,0,null,BEESWAX,false,10485760,448dfa017dafd45:1a55896c00000000,null,FINISHED,Admitted immediately,2019-07-02T09:25:44.672Z,DML
7,195584.0,48,false,1,null,null,2019-07-02T09:25:44.126Z,1,214,null,root.root,0,null,BEESWAX,false,10485760,e04e0dddc95229b6:d40dd91b00000000,null,FINISHED,Admitted immediately,2019-07-02T09:25:44.340Z,DML
10,195584.0,48,false,1,null,null,2019-07-02T09:25:43.899Z,1,217,null,root.root,0,null,BEESWAX,false,10485760,a84458390da9b3bb:647f14d200000000,null,FINISHED,Admitted immediately,2019-07-02T09:25:44.116Z,DML
10,195584.0,48,false,1,null,null,2019-07-02T09:25:43.666Z,1,217,null,root.root,0,null,BEESWAX,false,10485760,194e103f906e74b1:b015fef00000000,null,FINISHED,Admitted immediately,2019-07-02T09:25:43.883Z,DML
9,195584.0,48,false,1,null,null,2019-07-02T09:25:43.435Z,1,217,null,root.root,0,null,BEESWAX,false,10485760,bf4a04fb518b4ade:ae596f3500000000,null,FINISHED,Admitted immediately,2019-07-02T09:25:43.652Z,DML
11,195584.0,48,false,1,null,null,2019-07-02T09:25:43.202Z,1,220,null,root.root,0,null,BEESWAX,false,10485760,154508744f9b3f9d:63c426700000000,null,FINISHED,Admitted immediately,2019-07-02T09:25:43.422Z,DML
9,195584.0,48,false,1,null,null,2019-07-02T09:25:42.970Z,1,218,null,root.root,0,null,BEESWAX,false,10485760,c84969664e16d814:80884e7500000000,null,FINISHED,Admitted immediately,2019-07-02T09:25:43.188Z,DML
10,195584.0,48,false,1,null,null,2019-07-02T09:25:42.740Z,1,217,null,root.root,0,null,BEESWAX,false,10485760,514ba5f73d9b5be2:d88ea4e100000000,null,FINISHED,Admitted immediately,2019-07-02T09:25:42.957Z,DML
10,195584.0,48,false,1,null,null,2019-07-02T09:25:42.509Z,1,216,null,root.root,0,null,BEESWAX,false,10485760,144a259b0f2914d0:bf3e8e8600000000,null,FINISHED,Admitted immediately,2019-07-02T09:25:42.725Z,DML
9,195584.0,48,false,1,null,null,2019-07-02T09:25:42.283Z,1,215,null,root.root,0,null,BEESWAX,false,10485760,654b0abc833946f7:862ee52700000000,null,FINISHED,Admitted immediately,2019-07-02T09:25:42.498Z,DML
8,195584.0,48,false,1,null,null,2019-07-02T09:25:42.057Z,1,215,null,root.root,0,null,BEESWAX,false,10485760,4e446351ef990e8c:cee88f7200000000,null,FINISHED,Admitted immediately,2019-07-02T09:25:42.272Z,DML
8,195584.0,48,false,1,null,null,2019-07-02T09:25:41.830Z,1,216,null,root.root,0,null,BEESWAX,false,10485760,864455c1ffa90da5:162715200000000,null,FINISHED,Admitted immediately,2019-07-02T09:25:42.046Z,DML
2628,195584.0,48,false,1,null,null,2019-07-02T09:25:38.985Z,1,2835,null,root.root,0,null,BEESWAX,false,10485760,9045429f6b9f611d:1e2c2ba000000000,null,FINISHED,Admitted immediately,2019-07-02T09:25:41.820Z,DML
1,null,null,false,null,null,null,2019-07-02T09:25:38.910Z,,65,null,null,null,null,BEESWAX,false,null,a64b565c08321633:3702909400000000,null,FINISHED,Unknown,2019-07-02T09:25:38.975Z,DDL
0,null,null,false,null,null,null,2019-07-02T09:25:38.898Z,,2,null,null,null,null,BEESWAX,false,null,4e4eac18a737e342:706ce5d00000000,null,FINISHED,Unknown,2019-07-02T09:25:38.900Z,DDL
0,null,null,false,null,null,null,2019-07-02T09:25:38.887Z,,6,null,null,null,null,BEESWAX,false,null,8e43b7f2ad05ca8a:9ece419200000000,null,FINISHED,Unknown,2019-07-02T09:25:38.893Z,DDL
0,null,null,false,null,null,null,2019-07-02T09:25:26.159Z,,4,null,null,null,null,BEESWAX,false,null,cf43707d6fbced5f:77af5a3c00000000,null,FINISHED,Unknown,2019-07-02T09:25:26.163Z,DDL
null,null,null,false,null,null,null,2019-07-02T09:25:21.344Z,,2,null,null,null,null,BEESWAX,false,null,8641464c0cbb7cea:d7de908d00000000,null,EXCEPTION,Unknown,2019-07-02T09:25:21.346Z,N/A
1,null,null,false,null,null,null,2019-07-02T09:25:18.226Z,,5,null,null,null,null,BEESWAX,false,null,49431324a5428250:1f78090700000000,null,FINISHED,Unknown,2019-07-02T09:25:18.231Z,DDL
1,null,null,false,null,null,null,2019-07-02T09:25:14.179Z,,6,null,null,null,null,BEESWAX,false,null,f94170a07d0d6c50:535c6bcd00000000,null,FINISHED,Unknown,2019-07-02T09:25:14.185Z,DDL
null,null,null,false,null,null,null,2019-07-02T09:24:42.492Z,,1,null,null,null,null,BEESWAX,false,null,344e70bdadc2342:cfc2e4e000000000,null,EXCEPTION,Unknown,2019-07-02T09:24:42.493Z,N/A
0,null,null,false,null,null,null,2019-07-02T09:24:42.402Z,,82,null,null,null,null,BEESWAX,false,null,cb4c137bae0c80bc:76890ad600000000,null,FINISHED,Unknown,2019-07-02T09:24:42.484Z,DDL
10,1111490.56,null,false,null,null,null,2019-07-02T09:24:42.053Z,22,333,null,root.root,0,null,BEESWAX,true,67108864,1f4957fea635506a:565fc44d00000000,null,FINISHED,Admitted immediately,2019-07-02T09:24:42.386Z,QUERY
null,null,null,false,null,null,null,2019-07-02T09:24:42.046Z,,2,null,null,null,null,BEESWAX,false,null,b04457afc4808ef7:82f3cf900000000,null,EXCEPTION,Unknown,2019-07-02T09:24:42.048Z,N/A
14,510750.72,null,false,null,null,null,2019-07-02T09:24:41.338Z,22,691,null,root.root,0,null,BEESWAX,true,67108864,3472d9a7003aade:f97e572000000000,null,FINISHED,Admitted immediately,2019-07-02T09:24:42.029Z,QUERY
9,195584.0,48,false,1,null,null,2019-07-02T09:24:41.113Z,1,216,null,root.root,0,null,BEESWAX,false,10485760,6e4b2ff72ec4eb7e:94a0cdac00000000,null,FINISHED,Admitted immediately,2019-07-02T09:24:41.329Z,DML
9,195584.0,48,false,1,null,null,2019-07-02T09:24:40.886Z,1,216,null,root.root,0,null,BEESWAX,false,10485760,2a4d8673a2e89d14:cfa4f1a600000000,null,FINISHED,Admitted immediately,2019-07-02T09:24:41.102Z,DML
10,195584.0,48,false,1,null,null,2019-07-02T09:24:40.658Z,1,217,null,root.root,0,null,BEESWAX,false,10485760,b44d02388620cdc7:ea465ea400000000,null,FINISHED,Admitted immediately,2019-07-02T09:24:40.875Z,DML
9,195584.0,48,false,1,null,null,2019-07-02T09:24:40.428Z,1,215,null,root.root,0,null,BEESWAX,false,10485760,a4cc566763aafe7:fe1b4b7500000000,null,FINISHED,Admitted immediately,2019-07-02T09:24:40.643Z,DML
9,195584.0,48,false,1,null,null,2019-07-02T09:24:40.201Z,1,217,null,root.root,0,null,BEESWAX,false,10485760,ad46a683764e475f:9a2d143c00000000,null,FINISHED,Admitted immediately,2019-07-02T09:24:40.418Z,DML
8,195584.0,48,false,1,null,null,2019-07-02T09:24:39.968Z,1,215,null,root.root,0,null,BEESWAX,false,10485760,42417cba33a72a6d:f9d8d76b00000000,null,FINISHED,Admitted immediately,2019-07-02T09:24:40.183Z,DML
10,195584.0,48,false,1,null,null,2019-07-02T09:24:39.741Z,1,217,null,root.root,0,null,BEESWAX,false,10485760,974233079968c5fa:63edde9c00000000,null,FINISHED,Admitted immediately,2019-07-02T09:24:39.958Z,DML
9,195584.0,48,false,1,null,null,2019-07-02T09:24:39.513Z,1,216,null,root.root,0,null,BEESWAX,false,10485760,fb4e9695df22c2a8:dbd1aae900000000,null,FINISHED,Admitted immediately,2019-07-02T09:24:39.729Z,DML
9,195584.0,48,false,1,null,null,2019-07-02T09:24:39.284Z,1,217,null,root.root,0,null,BEESWAX,false,10485760,9a4d22c134155eee:652629c200000000,null,FINISHED,Admitted immediately,2019-07-02T09:24:39.501Z,DML
11,195584.0,48,false,1,null,null,2019-07-02T09:24:39.054Z,1,217,null,root.root,0,null,BEESWAX,false,10485760,5c41440fe63a21dd:3d99c2cf00000000,null,FINISHED,Admitted immediately,2019-07-02T09:24:39.271Z,DML
9,195584.0,48,false,1,null,null,2019-07-02T09:24:38.825Z,1,216,null,root.root,0,null,BEESWAX,false,10485760,c343524a74025888:40a5ba8700000000,null,FINISHED,Admitted immediately,2019-07-02T09:24:39.041Z,DML
10,195584.0,48,false,1,null,null,2019-07-02T09:24:38.591Z,1,217,null,root.root,0,null,BEESWAX,false,10485760,b6442a0d5392f3c4:1fca903500000000,null,FINISHED,Admitted immediately,2019-07-02T09:24:38.808Z,DML
10,195584.0,48,false,1,null,null,2019-07-02T09:24:38.360Z,1,218,null,root.root,0,null,BEESWAX,false,10485760,f2446cfb852aebd7:29c123300000000,null,FINISHED,Admitted immediately,2019-07-02T09:24:38.578Z,DML
9,195584.0,48,false,1,null,null,2019-07-02T09:24:38.127Z,1,217,null,root.root,0,null,BEESWAX,false,10485760,22427007282d5101:9c16849100000000,null,FINISHED,Admitted immediately,2019-07-02T09:24:38.344Z,DML
12,195584.0,48,false,1,null,null,2019-07-02T09:24:37.896Z,1,219,null,root.root,0,null,BEESWAX,false,10485760,5849ec49326671ca:5615b80100000000,null,FINISHED,Admitted immediately,2019-07-02T09:24:38.115Z,DML
10,195584.0,48,false,1,null,null,2019-07-02T09:24:37.666Z,1,217,null,root.root,0,null,BEESWAX,false,10485760,b54dce9043b9e21b:7893dca900000000,null,FINISHED,Admitted immediately,2019-07-02T09:24:37.883Z,DML
10,195584.0,48,false,1,null,null,2019-07-02T09:24:37.437Z,1,217,null,root.root,0,null,BEESWAX,false,10485760,ea4208796778bd84:20b7e6ef00000000,null,FINISHED,Admitted immediately,2019-07-02T09:24:37.654Z,DML
12,195584.0,48,false,1,null,null,2019-07-02T09:24:37.207Z,1,219,null,root.root,0,null,BEESWAX,false,10485760,694d8ac308aba697:aa15bb2b00000000,null,FINISHED,Admitted immediately,2019-07-02T09:24:37.426Z,DML
10,195584.0,48,false,1,null,null,2019-07-02T09:24:36.977Z,1,217,null,root.root,0,null,BEESWAX,false,10485760,bd4e3c8b94e808e7:3327ac7000000000,null,FINISHED,Admitted immediately,2019-07-02T09:24:37.194Z,DML
11,195584.0,48,false,1,null,null,2019-07-02T09:24:36.747Z,1,217,null,root.root,0,null,BEESWAX,false,10485760,3f4b4f1492ce52cf:460d5c5b00000000,null,FINISHED,Admitted immediately,2019-07-02T09:24:36.964Z,DML
null,null,null,false,null,null,null,2019-07-02T09:24:36.736Z,,2,null,null,null,null,BEESWAX,false,null,b14baa1ce0e322b1:76462bc00000000,null,EXCEPTION,Unknown,2019-07-02T09:24:36.738Z,N/A
0,null,null,false,null,null,null,2019-07-02T09:24:36.723Z,,3,null,null,null,null,BEESWAX,false,null,7b4aa520de85bc6c:193212a500000000,null,FINISHED,Unknown,2019-07-02T09:24:36.726Z,DDL
0,null,null,false,null,null,null,2019-07-02T09:24:36.706Z,,11,null,null,null,null,BEESWAX,false,null,de438f0f6e2b644b:5bd8c5e000000000,null,FINISHED,Unknown,2019-07-02T09:24:36.717Z,DDL
17,195584.0,48,false,1,null,null,2019-07-02T09:20:19.670Z,1,224,null,root.root,0,null,BEESWAX,false,10485760,914053c27dcd62ee:2a31ea5800000000,null,FINISHED,Admitted immediately,2019-07-02T09:20:19.894Z,DML
60,510750.72,null,false,null,null,null,2019-07-02T09:20:08.201Z,1,579,null,root.root,0,null,BEESWAX,true,33554432,bc493716e9fdba70:70bbeca200000000,null,FINISHED,Admitted immediately,2019-07-02T09:20:08.780Z,QUERY
3800,195584.0,48,false,1,null,null,2019-07-02T09:19:53.549Z,1,4613,null,root.root,0,null,BEESWAX,false,10485760,ff4acda214863c9e:1032b22e00000000,null,FINISHED,Admitted immediately,2019-07-02T09:19:58.162Z,DML
2,null,null,false,null,null,null,2019-07-02T09:19:49.827Z,,52,null,null,null,null,BEESWAX,false,null,f245579b63e568ae:ef46d2ff00000000,null,FINISHED,Unknown,2019-07-02T09:19:49.879Z,DDL
1,null,null,false,null,null,null,2019-07-02T09:19:37.796Z,,83,null,null,null,null,BEESWAX,false,null,594f2df57f0ef80a:27d268d700000000,null,FINISHED,Unknown,2019-07-02T09:19:37.879Z,DDL
0,null,null,false,null,null,null,2019-07-02T09:19:28.828Z,,4,null,null,null,null,BEESWAX,false,null,954fe08c44c87068:34b2214c00000000,null,FINISHED,Unknown,2019-07-02T09:19:28.832Z,DDL
null,null,null,false,null,null,null,2019-07-02T09:18:59.201Z,,4006,null,null,null,null,BEESWAX,false,null,b84b6f2d0516982b:11f901dc00000000,null,EXCEPTION,Unknown,2019-07-02T09:19:03.207Z,N/A
3,null,null,false,null,null,null,2019-07-02T09:18:55.126Z,,160,null,null,null,null,BEESWAX,false,null,6a49dd8c68cbedf8:142b68ae00000000,null,FINISHED,Unknown,2019-07-02T09:18:55.286Z,DDL
4,null,null,false,null,null,null,2019-07-02T09:18:05.738Z,,118,null,null,null,null,BEESWAX,false,null,e447db8d4b2abb9c:c767959c00000000,null,FINISHED,Unknown,2019-07-02T09:18:05.856Z,DDL
1,null,null,false,null,null,null,2019-07-02T09:17:41.841Z,,5,null,null,null,null,BEESWAX,false,null,384b00d14c6babc0:2542219000000000,null,FINISHED,Unknown,2019-07-02T09:17:41.846Z,DDL
0,null,null,false,null,null,null,2019-07-02T09:17:37.447Z,,4,null,null,null,null,BEESWAX,false,null,b6406cc5a16f2f70:4e0742bb00000000,null,FINISHED,Unknown,2019-07-02T09:17:37.451Z,DDL
1,null,null,false,null,null,null,2019-07-02T09:17:27.544Z,,5,null,null,null,null,BEESWAX,false,null,5e47c6c08d50cc00:46ac852a00000000,null,FINISHED,Unknown,2019-07-02T09:17:27.549Z,DDL
1,null,null,false,null,null,null,2019-07-02T09:17:24.123Z,,67,null,null,null,null,BEESWAX,false,null,5148bea167aca158:cc30120700000000,null,FINISHED,Unknown,2019-07-02T09:17:24.190Z,DDL
1,null,null,false,null,null,null,2019-07-02T09:17:01.858Z,,42,null,null,null,null,BEESWAX,false,null,8d4b19293bfbdd26:50f6524f00000000,null,FINISHED,Unknown,2019-07-02T09:17:01.900Z,DDL
1,null,null,false,null,null,null,2019-07-02T09:16:52.451Z,,7,null,null,null,null,BEESWAX,false,null,624e7f3d937e9552:cbb7a0b500000000,null,FINISHED,Unknown,2019-07-02T09:16:52.458Z,DDL
5335,null,null,false,null,null,null,2019-07-02T09:16:35.714Z,,5408,null,null,null,null,BEESWAX,false,null,204c8b34e5b74ded:a3b9d58900000000,null,FINISHED,Unknown,2019-07-02T09:16:41.122Z,DDL
1,null,null,false,null,null,null,2019-07-02T09:16:26.379Z,,6,null,null,null,null,BEESWAX,false,null,8149bb91b646a88b:54b828d600000000,null,FINISHED,Unknown,2019-07-02T09:16:26.385Z,DDL
3,null,null,false,null,null,null,2019-07-02T09:16:11.727Z,,100,null,null,null,null,BEESWAX,false,null,ce45e41fc545c97f:be79660c00000000,null,FINISHED,Unknown,2019-07-02T09:16:11.827Z,DDL
1,null,null,false,null,null,null,2019-07-02T09:15:56.008Z,,59,null,null,null,null,BEESWAX,false,null,9e429d2c4beaff30:f19dc3a300000000,null,FINISHED,Unknown,2019-07-02T09:15:56.067Z,DDL
null,null,null,false,null,null,null,2019-07-02T09:15:39.027Z,,2,null,null,null,null,BEESWAX,false,null,43468742b9d77644:2050b09900000000,null,EXCEPTION,Unknown,2019-07-02T09:15:39.029Z,N/A
5174,22620.16,null,false,null,null,null,2019-07-02T09:13:09.692Z,0,5284,null,root.root,0,null,BEESWAX,true,10485760,b246705f82d2c430:3d419ab800000000,null,FINISHED,Admitted immediately,2019-07-02T09:13:14.976Z,QUERY
null,null,null,false,null,null,null,2019-07-02T09:13:00.940Z,,5,null,null,null,null,BEESWAX,false,null,a34bc539dbcf4688:ba3964c000000000,null,EXCEPTION,Unknown,2019-07-02T09:13:00.945Z,N/A
null,null,null,false,null,null,null,2019-07-02T09:12:47.309Z,,2,null,null,null,null,BEESWAX,false,null,f04d43d88bb8f906:1874de8a00000000,null,EXCEPTION,Unknown,2019-07-02T09:12:47.311Z,N/A
2,null,null,false,null,null,null,2019-07-02T09:12:32.158Z,,50,null,null,null,null,BEESWAX,false,null,314ab80f240353b6:c3b8ca1100000000,null,FINISHED,Unknown,2019-07-02T09:12:32.208Z,DDL
1,null,null,false,null,null,null,2019-07-02T09:12:14.891Z,,77,null,null,null,null,BEESWAX,false,null,9c466ac32e7bcadf:f5bdc7500000000,null,FINISHED,Unknown,2019-07-02T09:12:14.968Z,DDL
null,null,null,false,null,null,null,2019-07-02T09:11:54.168Z,,1,null,null,null,null,BEESWAX,false,null,ae43c235606749b2:c19dafc200000000,null,EXCEPTION,Unknown,2019-07-02T09:11:54.169Z,N/A
null,null,null,false,null,null,null,2019-07-02T09:10:55.305Z,,1,null,null,null,null,BEESWAX,false,null,3d478d2db230d3ba:87569ec300000000,null,EXCEPTION,Unknown,2019-07-02T09:10:55.306Z,N/A
null,null,null,false,null,null,null,2019-07-02T09:10:51.762Z,,5,null,null,null,null,BEESWAX,false,null,ba4237ebd89e6fa0:c0abe52700000000,null,EXCEPTION,Unknown,2019-07-02T09:10:51.767Z,N/A
null,null,null,false,null,null,null,2019-07-02T09:10:46.459Z,,3,null,null,null,null,BEESWAX,false,null,c54be106a3106e4a:ddf49df00000000,null,EXCEPTION,Unknown,2019-07-02T09:10:46.462Z,N/A
6,22620.16,null,false,null,null,null,2019-07-02T09:05:23.178Z,0,115,null,root.root,0,null,BEESWAX,true,10485760,624a79c99753a18b:31ef3e7400000000,null,FINISHED,Admitted immediately,2019-07-02T09:05:23.293Z,QUERY
1,null,null,false,null,null,null,2019-07-02T09:05:10.114Z,,5,null,null,null,null,BEESWAX,false,null,8e447a12622261d3:5852106900000000,null,FINISHED,Unknown,2019-07-02T09:05:10.119Z,DDL
null,null,null,false,null,null,null,2019-07-02T09:05:04.451Z,,2,null,null,null,null,BEESWAX,false,null,44462ecdaa7cbc77:e31c573200000000,null,EXCEPTION,Unknown,2019-07-02T09:05:04.453Z,N/A
1,null,null,false,null,null,null,2019-07-02T09:04:57.886Z,,7,null,null,null,null,BEESWAX,false,null,964fe24ef1551761:9dc7c29300000000,null,FINISHED,Unknown,2019-07-02T09:04:57.893Z,DDL
4418,22620.16,null,false,null,null,null,2019-07-02T09:04:33.968Z,0,4531,null,root.root,0,null,BEESWAX,true,10485760,d743a4365c38bcf7:26bc0dc900000000,null,FINISHED,Admitted immediately,2019-07-02T09:04:38.499Z,QUERY
null,null,null,false,null,null,null,2019-07-02T09:04:33.962Z,,1,null,null,null,null,BEESWAX,false,null,45d7e01097d9a3:7e29053100000000,null,EXCEPTION,Unknown,2019-07-02T09:04:33.963Z,N/A
1,null,null,false,null,null,null,2019-07-02T09:04:33.902Z,,51,null,null,null,null,BEESWAX,false,null,ea43ed5a7ef970bc:f589d86400000000,null,FINISHED,Unknown,2019-07-02T09:04:33.953Z,DDL
1,null,null,false,null,null,null,2019-07-02T09:04:33.865Z,,29,null,null,null,null,BEESWAX,false,null,c14503d30dd2a946:7741394600000000,null,FINISHED,Unknown,2019-07-02T09:04:33.894Z,DDL
0,null,null,false,null,null,null,2019-07-02T09:03:50.395Z,,4,null,null,null,null,BEESWAX,false,null,eb4efdd4f5dd8487:ca381ba600000000,null,FINISHED,Unknown,2019-07-02T09:03:50.399Z,DDL
1,null,null,false,null,null,null,2019-07-02T09:03:36.548Z,,35,null,null,null,null,BEESWAX,false,null,8c4ee4519f1cefc5:8a98f31200000000,null,FINISHED,Unknown,2019-07-02T09:03:36.583Z,DDL
0,null,null,false,null,null,null,2019-07-02T09:03:36.473Z,,69,null,null,null,null,BEESWAX,false,null,284de5bee90f2d2c:e4f1d2b700000000,null,FINISHED,Unknown,2019-07-02T09:03:36.542Z,DDL
null,null,null,false,null,null,null,2019-07-02T09:03:36.466Z,,2,null,null,null,null,BEESWAX,false,null,6c4ba7447c2b82eb:879243e000000000,null,EXCEPTION,Unknown,2019-07-02T09:03:36.468Z,N/A
null,null,null,false,null,null,null,2019-07-02T09:03:36.459Z,,1,null,null,null,null,BEESWAX,false,null,a5461e3be31b397c:a996b34700000000,null,EXCEPTION,Unknown,2019-07-02T09:03:36.460Z,N/A
null,null,null,false,null,null,null,2019-07-02T09:03:36.450Z,,3,null,null,null,null,BEESWAX,false,null,8245bd4560238816:99207a0500000000,null,EXCEPTION,Unknown,2019-07-02T09:03:36.453Z,N/A
4424,22620.16,null,false,null,null,null,2019-07-02T09:03:31.892Z,0,4536,null,root.root,0,null,BEESWAX,true,10485760,fb4fd90bdb6225eb:25360fb700000000,null,FINISHED,Admitted immediately,2019-07-02T09:03:36.428Z,QUERY
null,null,null,false,null,null,null,2019-07-02T09:03:31.885Z,,1,null,null,null,null,BEESWAX,false,null,844c185e01de526e:6391d3800000000,null,EXCEPTION,Unknown,2019-07-02T09:03:31.886Z,N/A
1,null,null,false,null,null,null,2019-07-02T09:03:31.831Z,,44,null,null,null,null,BEESWAX,false,null,8344b8f3730b93b4:506c22e100000000,null,FINISHED,Unknown,2019-07-02T09:03:31.875Z,DDL
1,null,null,false,null,null,null,2019-07-02T09:03:31.793Z,,29,null,null,null,null,BEESWAX,false,null,c04b9f1a5421d44b:85544f1300000000,null,FINISHED,Unknown,2019-07-02T09:03:31.822Z,DDL
0,null,null,false,null,null,null,2019-07-02T09:03:18.541Z,,37,null,null,null,null,BEESWAX,false,null,5a45c859695d899c:71b5be4c00000000,null,FINISHED,Unknown,2019-07-02T09:03:18.578Z,DDL
1,null,null,false,null,null,null,2019-07-02T09:03:18.460Z,,74,null,null,null,null,BEESWAX,false,null,3945c067ac2559ec:3c910f9a00000000,null,FINISHED,Unknown,2019-07-02T09:03:18.534Z,DDL
null,null,null,false,null,null,null,2019-07-02T09:03:18.453Z,,2,null,null,null,null,BEESWAX,false,null,b044af882aa513d4:7f992bad00000000,null,EXCEPTION,Unknown,2019-07-02T09:03:18.455Z,N/A
null,null,null,false,null,null,null,2019-07-02T09:03:18.444Z,,2,null,null,null,null,BEESWAX,false,null,87401089f4494cea:9afba3b400000000,null,EXCEPTION,Unknown,2019-07-02T09:03:18.446Z,N/A
null,null,null,false,null,null,null,2019-07-02T09:03:18.433Z,,3,null,null,null,null,BEESWAX,false,null,4740813fda2635c1:83c3c76700000000,null,EXCEPTION,Unknown,2019-07-02T09:03:18.436Z,N/A
4329,22620.16,null,false,null,null,null,2019-07-02T09:03:13.964Z,0,4439,null,root.root,0,null,BEESWAX,true,10485760,b84e9980d692b6c4:1b67f7ea00000000,null,FINISHED,Admitted immediately,2019-07-02T09:03:18.403Z,QUERY
null,null,null,false,null,null,null,2019-07-02T09:03:13.956Z,,1,null,null,null,null,BEESWAX,false,null,144e62337a1f1a9d:ed7325d00000000,null,EXCEPTION,Unknown,2019-07-02T09:03:13.957Z,N/A
1,null,null,false,null,null,null,2019-07-02T09:03:13.903Z,,40,null,null,null,null,BEESWAX,false,null,9241f92a654287f9:10c6142300000000,null,FINISHED,Unknown,2019-07-02T09:03:13.943Z,DDL
0,null,null,false,null,null,null,2019-07-02T09:03:13.869Z,,26,null,null,null,null,BEESWAX,false,null,624b2a9b12611094:55f62a5100000000,null,FINISHED,Unknown,2019-07-02T09:03:13.895Z,DDL
1,null,null,false,null,null,null,2019-07-02T09:02:36.838Z,,38,null,null,null,null,BEESWAX,false,null,96432df33ca6ea1e:b926d07400000000,null,FINISHED,Unknown,2019-07-02T09:02:36.876Z,DDL
0,null,null,false,null,null,null,2019-07-02T09:02:36.757Z,,75,null,null,null,null,BEESWAX,false,null,37472dabdc738ab0:c6ad2a200000000,null,FINISHED,Unknown,2019-07-02T09:02:36.832Z,DDL
null,null,null,false,null,null,null,2019-07-02T09:02:36.750Z,,2,null,null,null,null,BEESWAX,false,null,4f49bf019a8992c3:83ce322d00000000,null,EXCEPTION,Unknown,2019-07-02T09:02:36.752Z,N/A
null,null,null,false,null,null,null,2019-07-02T09:02:36.742Z,,2,null,null,null,null,BEESWAX,false,null,de4e71d6589246ce:b4cdb0600000000,null,EXCEPTION,Unknown,2019-07-02T09:02:36.744Z,N/A
null,null,null,false,null,null,null,2019-07-02T09:02:36.727Z,,9,null,null,null,null,BEESWAX,false,null,5446dd921f2ee8e7:5e12212500000000,null,EXCEPTION,Unknown,2019-07-02T09:02:36.736Z,N/A
4303,22620.16,null,false,null,null,null,2019-07-02T09:02:32.282Z,0,4420,null,root.root,0,null,BEESWAX,true,10485760,c2493e14d7c9efee:f8d4340000000000,null,FINISHED,Admitted immediately,2019-07-02T09:02:36.702Z,QUERY
null,null,null,false,null,null,null,2019-07-02T09:02:32.270Z,,2,null,null,null,null,BEESWAX,false,null,2d4c8ea9801e6385:fada81dd00000000,null,EXCEPTION,Unknown,2019-07-02T09:02:32.272Z,N/A
1,null,null,false,null,null,null,2019-07-02T09:02:32.189Z,,71,null,null,null,null,BEESWAX,false,null,3b4d4fc360fa6ba0:ac704b6300000000,null,FINISHED,Unknown,2019-07-02T09:02:32.260Z,DDL
1,null,null,false,null,null,null,2019-07-02T09:02:32.122Z,,59,null,null,null,null,BEESWAX,false,null,b94ee8c7c33d8a3b:abb49fe000000000,null,FINISHED,Unknown,2019-07-02T09:02:32.181Z,DDL
null,null,null,false,null,null,null,2019-07-02T08:57:52.474Z,,3,null,null,null,null,BEESWAX,false,null,7344119316ff5166:91a1658500000000,null,EXCEPTION,Unknown,2019-07-02T08:57:52.477Z,N/A
0,null,null,false,null,null,null,2019-07-02T08:57:02.474Z,,6,null,null,null,null,BEESWAX,false,null,264ff3aff75e65ce:8d6ecedc00000000,null,FINISHED,Unknown,2019-07-02T08:57:02.480Z,DDL
1,null,null,false,null,null,null,2019-07-02T08:56:57.066Z,,66,null,null,null,null,BEESWAX,false,null,224453f4c6e6bd99:2175d60500000000,null,FINISHED,Unknown,2019-07-02T08:56:57.132Z,DDL
14,null,null,false,null,null,null,2019-07-02T08:56:48.361Z,,293,null,null,null,null,BEESWAX,false,null,c044bfe26ac9b147:c9ad39dc00000000,null,FINISHED,Unknown,2019-07-02T08:56:48.654Z,DDL
1,null,null,false,null,null,null,2019-07-02T08:47:57.518Z,,7,null,null,null,null,BEESWAX,false,null,764c633c4bb8550b:daf5af6400000000,null,FINISHED,Unknown,2019-07-02T08:47:57.525Z,DDL
1,null,null,false,null,null,null,2019-07-02T08:47:35.298Z,,9,null,null,null,null,BEESWAX,false,null,fe4664c128601087:d97b5b1800000000,null,FINISHED,Unknown,2019-07-02T08:47:35.307Z,DDL
null,null,null,false,null,null,null,2019-07-02T08:28:46.607Z,,3,null,null,null,null,BEESWAX,false,null,e64200af2c786228:d0bd5b3200000000,null,EXCEPTION,Unknown,2019-07-02T08:28:46.610Z,N/A
10,null,null,false,null,null,null,2019-07-02T08:28:29.384Z,,396,null,null,null,null,BEESWAX,false,null,784d0a50a8b3fae8:64ae6d2900000000,null,EXCEPTION,Unknown,2019-07-02T08:28:29.780Z,DDL
2,null,null,false,null,null,null,2019-07-02T08:28:11.641Z,,9,null,null,null,null,BEESWAX,false,null,a84a29be6c9cfc69:3a0581c300000000,null,FINISHED,Unknown,2019-07-02T08:28:11.650Z,DDL
null,null,null,false,null,null,null,2019-07-02T08:23:10.387Z,,21,null,null,null,null,HIVESERVER2,false,null,2b4ced7128fb0095:d257d35100000000,null,FINISHED,Unknown,2019-07-02T08:23:10.408Z,DDL
3,null,null,false,null,null,null,2019-07-02T08:20:26.087Z,,147417,null,null,null,null,HIVESERVER2,false,null,374e381507cea98e:bdc798bf00000000,null,FINISHED,Unknown,2019-07-02T08:22:53.504Z,DDL
1,null,null,false,null,null,null,2019-07-02T08:20:26.070Z,,9,null,null,null,null,HIVESERVER2,false,null,c34179b1c3fac9d2:81b1761c00000000,null,FINISHED,Unknown,2019-07-02T08:20:26.079Z,DDL
0,null,null,false,null,null,null,2019-07-02T07:55:19.421Z,,1506624,null,null,null,null,HIVESERVER2,false,null,644e4a8928909477:85024d2e00000000,null,FINISHED,Unknown,2019-07-02T08:20:26.045Z,DDL
1,null,null,false,null,null,null,2019-07-02T07:55:19.405Z,,8,null,null,null,null,HIVESERVER2,false,null,3c42f0448a0bd352:a4c5700000000,null,FINISHED,Unknown,2019-07-02T07:55:19.413Z,DDL
0,null,null,false,null,null,null,2019-07-01T14:30:03.385Z,,2070217,null,null,null,null,HIVESERVER2,false,null,1a462c5d65c4471b:872c590800000000,null,FINISHED,Unknown,2019-07-01T15:04:33.602Z,DDL
0,null,null,false,null,null,null,2019-07-01T14:30:28.284Z,,2045317,null,null,null,null,HIVESERVER2,false,null,2b44d4856482a8df:7b1439a200000000,null,FINISHED,Unknown,2019-07-01T15:04:33.601Z,DDL
1,null,null,false,null,null,null,2019-07-01T14:29:58.097Z,,2075504,null,null,null,null,HIVESERVER2,false,null,9045ffd38ac59aee:5dc6277300000000,null,FINISHED,Unknown,2019-07-01T15:04:33.601Z,DDL
1,null,null,false,null,null,null,2019-07-01T11:07:15.822Z,,14237779,null,null,null,null,HIVESERVER2,false,null,a04107636b13aba4:b682e3ae00000000,null,FINISHED,Unknown,2019-07-01T15:04:33.601Z,DDL
0,null,null,false,null,null,null,2019-07-01T14:29:46.100Z,,2087501,null,null,null,null,HIVESERVER2,false,null,de4417ca01b40ef2:62eef61a00000000,null,FINISHED,Unknown,2019-07-01T15:04:33.601Z,DDL
0,null,null,false,null,null,null,2019-07-01T14:30:28.272Z,,6,null,null,null,null,HIVESERVER2,false,null,7b4f5a56edc0a181:7cd5e62b00000000,null,FINISHED,Unknown,2019-07-01T14:30:28.278Z,DDL
null,null,null,false,null,null,null,2019-07-01T14:30:15.686Z,,2,null,null,null,null,HIVESERVER2,false,null,c64ea14abd8b119d:1b096ee300000000,null,EXCEPTION,Unknown,2019-07-01T14:30:15.688Z,N/A
0,null,null,false,null,null,null,2019-07-01T14:30:15.670Z,,8,null,null,null,null,HIVESERVER2,false,null,93477e8c276e67da:e1bc960b00000000,null,FINISHED,Unknown,2019-07-01T14:30:15.678Z,DDL
1,null,null,false,null,null,null,2019-07-01T14:30:03.366Z,,10,null,null,null,null,HIVESERVER2,false,null,1948e2d1a14830e3:4a956add00000000,null,FINISHED,Unknown,2019-07-01T14:30:03.376Z,DDL
0,null,null,false,null,null,null,2019-07-01T14:29:58.070Z,,12,null,null,null,null,HIVESERVER2,false,null,99432c5185cabc36:dfe72da400000000,null,FINISHED,Unknown,2019-07-01T14:29:58.082Z,DDL
0,null,null,false,null,null,null,2019-07-01T14:29:46.084Z,,8,null,null,null,null,HIVESERVER2,false,null,d042547817ea3ae4:8d5ddcc500000000,null,FINISHED,Unknown,2019-07-01T14:29:46.092Z,DDL
0,null,null,false,null,null,null,2019-07-01T14:29:44.746Z,,1304,null,null,null,null,HIVESERVER2,false,null,de46eafa4f7e99d2:8b0bc90300000000,null,FINISHED,Unknown,2019-07-01T14:29:46.050Z,DDL
1,null,null,false,null,null,null,2019-07-01T14:29:44.731Z,,7,null,null,null,null,HIVESERVER2,false,null,9d451f1475158c69:f29ab45c00000000,null,FINISHED,Unknown,2019-07-01T14:29:44.738Z,DDL
0,null,null,false,null,null,null,2019-07-01T14:29:43.473Z,,1198,null,null,null,null,HIVESERVER2,false,null,d547a991c2918ade:3b2630fe00000000,null,FINISHED,Unknown,2019-07-01T14:29:44.671Z,DDL
0,null,null,false,null,null,null,2019-07-01T14:29:43.457Z,,8,null,null,null,null,HIVESERVER2,false,null,647d7510a9c38f2:89bfa41e00000000,null,FINISHED,Unknown,2019-07-01T14:29:43.465Z,DDL
0,null,null,false,null,null,null,2019-07-01T14:04:16.002Z,,1527415,null,null,null,null,HIVESERVER2,false,null,e94023e89e88f11c:d3e7eaa000000000,null,FINISHED,Unknown,2019-07-01T14:29:43.417Z,DDL
1,null,null,false,null,null,null,2019-07-01T14:04:15.986Z,,8,null,null,null,null,HIVESERVER2,false,null,3f45dc8f9caab4a1:d1775f8100000000,null,FINISHED,Unknown,2019-07-01T14:04:15.994Z,DDL
2,null,null,false,null,null,null,2019-07-01T11:07:15.805Z,,8,null,null,null,null,HIVESERVER2,false,null,344b493d562f4f2b:f2f1d0a000000000,null,FINISHED,Unknown,2019-07-01T11:07:15.813Z,DDL
0,null,null,false,null,null,null,2019-07-01T08:53:10.101Z,,8045667,null,null,null,null,HIVESERVER2,false,null,a6457bab145be870:9b1a8ff00000000,null,FINISHED,Unknown,2019-07-01T11:07:15.768Z,DDL
1,null,null,false,null,null,null,2019-07-01T08:53:10.085Z,,8,null,null,null,null,HIVESERVER2,false,null,f84396d10a14c3a8:7616cb6b00000000,null,FINISHED,Unknown,2019-07-01T08:53:10.093Z,DDL
0,null,null,false,null,null,null,2019-06-28T10:25:37.825Z,,22685223,null,null,null,null,HIVESERVER2,false,null,394cef60dac8d3f4:5863ebe800000000,null,FINISHED,Unknown,2019-06-28T16:43:43.048Z,DDL
0,null,null,false,null,null,null,2019-06-28T10:25:43.565Z,,22679483,null,null,null,null,HIVESERVER2,false,null,83499d17f98f2bb6:cd14c9a100000000,null,FINISHED,Unknown,2019-06-28T16:43:43.048Z,DDL
2,null,null,false,null,null,null,2019-06-28T10:25:34.523Z,,22688525,null,null,null,null,HIVESERVER2,false,null,974cf1c771e40c39:81b8918300000000,null,FINISHED,Unknown,2019-06-28T16:43:43.048Z,DDL
0,null,null,false,null,null,null,2019-06-28T10:25:43.550Z,,7,null,null,null,null,HIVESERVER2,false,null,474510727afa1076:a25de1b700000000,null,FINISHED,Unknown,2019-06-28T10:25:43.557Z,DDL
null,null,null,false,null,null,null,2019-06-28T10:25:40.349Z,,18,null,null,null,null,HIVESERVER2,false,null,f6410078b3c75890:5e1d33700000000,null,FINISHED,Unknown,2019-06-28T10:25:40.367Z,DDL
1,null,null,false,null,null,null,2019-06-28T10:25:37.810Z,,7,null,null,null,null,HIVESERVER2,false,null,e5401702cf8acf34:f2f9df9700000000,null,FINISHED,Unknown,2019-06-28T10:25:37.817Z,DDL
1,null,null,false,null,null,null,2019-06-28T10:25:34.506Z,,8,null,null,null,null,HIVESERVER2,false,null,6d43231f2f0653a4:7981131800000000,null,FINISHED,Unknown,2019-06-28T10:25:34.514Z,DDL
6609,null,null,false,null,null,null,2019-06-27T13:25:39.120Z,,8547210,null,null,null,null,HIVESERVER2,false,null,1d446c9ee1b2f789:235ae0c600000000,null,FINISHED,Unknown,2019-06-27T15:48:06.330Z,DDL
0,null,null,false,null,null,null,2019-06-27T09:31:49.887Z,,22576441,null,null,null,null,HIVESERVER2,false,null,c24c1b03dca49a3c:c9443cca00000000,null,FINISHED,Unknown,2019-06-27T15:48:06.328Z,DDL
1,null,null,false,null,null,null,2019-06-27T13:25:39.104Z,,8,null,null,null,null,HIVESERVER2,false,null,d44aedfcb32c44ef:b9b60e9200000000,null,FINISHED,Unknown,2019-06-27T13:25:39.112Z,DDL
0,null,null,false,null,null,null,2019-06-27T09:31:49.870Z,,9,null,null,null,null,HIVESERVER2,false,null,aa417e04b13bf237:7ea0995700000000,null,FINISHED,Unknown,2019-06-27T09:31:49.879Z,DDL
173,null,null,false,null,null,null,2019-06-26T08:30:26.647Z,,6120838,null,null,null,null,HIVESERVER2,false,null,524b4576a40e4fec:ae44f8400000000,null,FINISHED,Unknown,2019-06-26T10:12:27.485Z,DDL
2,null,null,false,null,null,null,2019-06-26T08:30:26.631Z,,8,null,null,null,null,HIVESERVER2,false,null,5944ceb9bdb5faf8:2c5380a300000000,null,FINISHED,Unknown,2019-06-26T08:30:26.639Z,DDL
89,null,null,false,null,null,null,2019-06-26T08:28:49.644Z,,96981,null,null,null,null,HIVESERVER2,false,null,76479c3c90262db5:d86f542200000000,null,FINISHED,Unknown,2019-06-26T08:30:26.625Z,DDL
null,null,null,false,null,null,null,2019-06-26T08:28:55.556Z,,19,null,null,null,null,HIVESERVER2,false,null,c3474f3d8480aebc:f2a898d900000000,null,FINISHED,Unknown,2019-06-26T08:28:55.575Z,DDL
1,null,null,false,null,null,null,2019-06-26T08:28:49.630Z,,7,null,null,null,null,HIVESERVER2,false,null,37418d07663e9c46:819937c000000000,null,FINISHED,Unknown,2019-06-26T08:28:49.637Z,DDL
0,null,null,false,null,null,null,2019-06-26T08:28:35.673Z,,13911,null,null,null,null,HIVESERVER2,false,null,1b45591e4dcd4f88:87a16acf00000000,null,FINISHED,Unknown,2019-06-26T08:28:49.584Z,DDL
1,null,null,false,null,null,null,2019-06-26T08:28:35.653Z,,12,null,null,null,null,HIVESERVER2,false,null,a7414632b6e3730b:27d7c8da00000000,null,FINISHED,Unknown,2019-06-26T08:28:35.665Z,DDL
1,null,null,false,null,null,null,2019-06-26T08:28:18.315Z,,17297,null,null,null,null,HIVESERVER2,false,null,b9438d59579a86f1:347c1b5700000000,null,FINISHED,Unknown,2019-06-26T08:28:35.612Z,DDL
1,null,null,false,null,null,null,2019-06-26T08:28:18.299Z,,8,null,null,null,null,HIVESERVER2,false,null,68498bb0342e507a:de1e9f9c00000000,null,FINISHED,Unknown,2019-06-26T08:28:18.307Z,DDL
0,null,null,false,null,null,null,2019-06-26T08:27:44.368Z,,33896,null,null,null,null,HIVESERVER2,false,null,4542659acb18209a:a275e20800000000,null,FINISHED,Unknown,2019-06-26T08:28:18.264Z,DDL
0,null,null,false,null,null,null,2019-06-26T08:27:44.353Z,,7,null,null,null,null,HIVESERVER2,false,null,4f4364528967a346:41ffdc8f00000000,null,FINISHED,Unknown,2019-06-26T08:27:44.360Z,DDL
3,null,null,false,null,null,null,2019-06-26T08:27:37.738Z,,6549,null,null,null,null,HIVESERVER2,false,null,2548f81d869a80cb:dd3fae0700000000,null,FINISHED,Unknown,2019-06-26T08:27:44.287Z,DDL
0,null,null,false,null,null,null,2019-06-26T08:27:37.723Z,,7,null,null,null,null,HIVESERVER2,false,null,4546998bec8c3b9c:bf973c9700000000,null,FINISHED,Unknown,2019-06-26T08:27:37.730Z,DDL
1,null,null,false,null,null,null,2019-06-26T08:27:22.842Z,,14845,null,null,null,null,HIVESERVER2,false,null,bd492ff09b589279:f7750cb700000000,null,FINISHED,Unknown,2019-06-26T08:27:37.687Z,DDL
1,null,null,false,null,null,null,2019-06-26T08:27:22.828Z,,6,null,null,null,null,HIVESERVER2,false,null,76436f6f2ebbe608:1312f05800000000,null,FINISHED,Unknown,2019-06-26T08:27:22.834Z,DDL
11,null,null,false,null,null,null,2019-06-26T08:26:55.142Z,,27671,null,null,null,null,HIVESERVER2,false,null,6e431996f3619fa3:f20727d600000000,null,FINISHED,Unknown,2019-06-26T08:27:22.813Z,DDL
0,null,null,false,null,null,null,2019-06-26T08:26:55.127Z,,7,null,null,null,null,HIVESERVER2,false,null,4b49f547cba7837d:6d7e563400000000,null,FINISHED,Unknown,2019-06-26T08:26:55.134Z,DDL
null,null,null,false,null,null,null,2019-06-26T08:26:46.684Z,,33,null,null,null,null,HIVESERVER2,false,null,2d4617db2d49c8e9:1f45b14c00000000,null,EXCEPTION,Unknown,2019-06-26T08:26:46.717Z,N/A
1,null,null,false,null,null,null,2019-06-26T08:26:46.669Z,,7,null,null,null,null,HIVESERVER2,false,null,14494b1cabdef302:4caf29a500000000,null,FINISHED,Unknown,2019-06-26T08:26:46.676Z,DDL
0,null,null,false,null,null,null,2019-06-26T08:25:45.083Z,,61544,null,null,null,null,HIVESERVER2,false,null,5c48b65c8ffa221c:240cb93800000000,null,FINISHED,Unknown,2019-06-26T08:26:46.627Z,DDL
1,null,null,false,null,null,null,2019-06-26T08:25:45.066Z,,9,null,null,null,null,HIVESERVER2,false,null,4045f56a3d0a3dde:a0e37bae00000000,null,FINISHED,Unknown,2019-06-26T08:25:45.075Z,DDL
5,null,null,false,null,null,null,2019-06-25T15:27:33.626Z,,366899,null,null,null,null,HIVESERVER2,false,null,114ae9db8c7c9d47:a0ddc5100000000,null,FINISHED,Unknown,2019-06-25T15:33:40.525Z,DDL
4,null,null,false,null,null,null,2019-06-25T15:27:33.607Z,,11,null,null,null,null,HIVESERVER2,false,null,5b41f709bbf2b60b:33e78d3d00000000,null,FINISHED,Unknown,2019-06-25T15:27:33.618Z,DDL
null,null,null,false,null,null,null,2019-06-25T15:27:25.666Z,,18,null,null,null,null,HIVESERVER2,false,null,5e40da2db151442b:5265fff600000000,null,FINISHED,Unknown,2019-06-25T15:27:25.684Z,DDL
266,null,null,false,null,null,null,2019-06-25T15:27:25.167Z,,377,null,null,null,null,HIVESERVER2,false,null,d44db8b55d97a645:51496a9f00000000,null,FINISHED,Unknown,2019-06-25T15:27:25.544Z,DDL
null,null,null,false,null,null,null,2019-06-25T15:27:03.674Z,,30,null,null,null,null,HIVESERVER2,false,null,254c8ca279a45349:aaddb9e00000000,null,FINISHED,Unknown,2019-06-25T15:27:03.704Z,DDL
null,null,null,false,null,null,null,2019-06-25T15:27:03.174Z,,108,null,null,null,null,HIVESERVER2,false,null,5043171ba04d3804:8b1aff200000000,null,FINISHED,Unknown,2019-06-25T15:27:03.282Z,DDL
